engagement_id,campaign_id,hcp_id,rep_id,territory_id,engagement_date,channel,engagement_type,opened,clicked,attended,response_score
ENG000001,CAMP0001,HCP0349,REP037,T001,2026-05-23,Field Event,Clicked Link,True,True,False,87
ENG000002,CAMP0001,HCP0001,REP037,T001,2026-03-22,Email,Clicked Link,True,False,False,36
ENG000003,CAMP0001,HCP0229,REP025,T001,2026-04-03,Email,Clicked Link,True,False,False,62
ENG000004,CAMP0001,HCP0289,REP037,T001,2026-05-06,Email,Registered,True,False,False,85
ENG000005,CAMP0001,HCP0457,REP013,T001,2026-03-03,Email,Registered,True,False,False,94
ENG000006,CAMP0001,HCP0289,REP001,T001,2026-05-22,Webinar,Registered,True,True,False,90
ENG000007,CAMP0001,HCP0085,REP001,T001,2026-05-13,Webinar,Downloaded,False,False,True,63
ENG000008,CAMP0001,HCP0493,REP025,T001,2026-05-09,Email,Clicked Link,True,True,True,28
ENG000009,CAMP0001,HCP0457,REP037,T001,2026-04-01,Webinar,Attended,True,True,False,12
ENG000010,CAMP0001,HCP0193,REP037,T001,2026-03-24,Webinar,Registered,True,False,False,30
ENG000011,CAMP0001,HCP0409,REP013,T001,2026-04-18,Digital Ad,Clicked Link,True,False,False,80
ENG000012,CAMP0001,HCP0121,REP025,T001,2026-05-15,Field Event,Clicked Link,False,False,False,75
ENG000013,CAMP0001,HCP0181,REP037,T001,2026-05-11,Webinar,Registered,True,False,False,62
ENG000014,CAMP0001,HCP0097,REP025,T001,2026-04-22,Digital Ad,Attended,True,True,False,15
ENG000015,CAMP0001,HCP0037,REP001,T001,2026-05-10,Digital Ad,Opened Content,True,False,False,35
ENG000016,CAMP0001,HCP0325,REP025,T001,2026-05-17,Field Event,Downloaded,False,False,False,25
ENG000017,CAMP0001,HCP0469,REP013,T001,2026-04-24,Email,Clicked Link,True,True,False,6
ENG000018,CAMP0001,HCP0061,REP001,T001,2026-05-24,Digital Ad,Downloaded,False,False,False,68
ENG000019,CAMP0001,HCP0097,REP025,T001,2026-04-24,Webinar,Downloaded,True,False,False,53
ENG000020,CAMP0001,HCP0433,REP001,T001,2026-02-21,Digital Ad,Attended,True,False,False,28
ENG000021,CAMP0001,HCP0481,REP001,T001,2026-05-14,Webinar,Clicked Link,True,False,False,85
ENG000022,CAMP0001,HCP0073,REP013,T001,2026-03-19,Field Event,Registered,False,False,False,84
ENG000023,CAMP0001,HCP0073,REP001,T001,2026-02-23,Email,Opened Content,False,False,False,86
ENG000024,CAMP0001,HCP0313,REP025,T001,2026-04-10,Email,Attended,False,False,False,83
ENG000025,CAMP0001,HCP0481,REP025,T001,2026-03-27,Webinar,Registered,True,True,False,53
ENG000026,CAMP0001,HCP0409,REP037,T001,2026-04-06,Field Event,Registered,True,True,True,71
ENG000027,CAMP0001,HCP0133,REP025,T001,2026-03-22,Email,Opened Content,True,True,False,48
ENG000028,CAMP0001,HCP0037,REP025,T001,2026-02-25,Webinar,Attended,True,True,False,68
ENG000029,CAMP0001,HCP0073,REP037,T001,2026-03-17,Digital Ad,Registered,False,False,False,38
ENG000030,CAMP0001,HCP0313,REP025,T001,2026-04-07,Digital Ad,Attended,True,True,False,87
ENG000031,CAMP0001,HCP0133,REP001,T001,2026-04-23,Email,Registered,True,False,False,5
ENG000032,CAMP0001,HCP0325,REP013,T001,2026-04-05,Webinar,Registered,True,False,True,71
ENG000033,CAMP0002,HCP0098,REP002,T002,2025-06-07,Digital Ad,Opened Content,True,False,False,60
ENG000034,CAMP0002,HCP0098,REP014,T002,2025-07-06,Webinar,Downloaded,False,False,True,45
ENG000035,CAMP0002,HCP0170,REP002,T002,2025-06-26,Email,Attended,True,True,False,77
ENG000036,CAMP0002,HCP0362,REP002,T002,2025-06-25,Webinar,Registered,True,True,False,47
ENG000037,CAMP0002,HCP0158,REP026,T002,2025-07-01,Field Event,Attended,False,False,True,42
ENG000038,CAMP0002,HCP0158,REP026,T002,2025-05-04,Webinar,Clicked Link,True,False,False,34
ENG000039,CAMP0002,HCP0062,REP014,T002,2025-06-26,Digital Ad,Opened Content,True,False,False,77
ENG000040,CAMP0002,HCP0062,REP026,T002,2025-06-22,Email,Downloaded,True,False,False,20
ENG000041,CAMP0002,HCP0158,REP026,T002,2025-05-17,Field Event,Attended,True,False,False,22
ENG000042,CAMP0002,HCP0338,REP002,T002,2025-06-07,Digital Ad,Clicked Link,False,False,False,30
ENG000043,CAMP0002,HCP0482,REP002,T002,2025-05-21,Webinar,Opened Content,True,False,False,25
ENG000044,CAMP0002,HCP0062,REP002,T002,2025-05-15,Field Event,Attended,True,True,False,54
ENG000045,CAMP0002,HCP0290,REP038,T002,2025-05-18,Email,Attended,False,False,True,50
ENG000046,CAMP0002,HCP0170,REP038,T002,2025-06-03,Digital Ad,Attended,True,False,True,18
ENG000047,CAMP0002,HCP0194,REP038,T002,2025-07-07,Webinar,Registered,True,False,False,81
ENG000048,CAMP0002,HCP0290,REP002,T002,2025-06-09,Webinar,Clicked Link,True,True,False,24
ENG000049,CAMP0002,HCP0170,REP026,T002,2025-05-29,Field Event,Clicked Link,False,False,False,91
ENG000050,CAMP0002,HCP0194,REP002,T002,2025-06-26,Digital Ad,Registered,False,False,False,92
ENG000051,CAMP0002,HCP0170,REP026,T002,2025-05-16,Field Event,Opened Content,True,False,False,77
ENG000052,CAMP0002,HCP0362,REP038,T002,2025-05-15,Email,Attended,False,False,False,95
ENG000053,CAMP0002,HCP0098,REP026,T002,2025-05-13,Webinar,Registered,True,True,False,32
ENG000054,CAMP0002,HCP0338,REP014,T002,2025-06-10,Digital Ad,Clicked Link,True,True,False,93
ENG000055,CAMP0002,HCP0170,REP014,T002,2025-05-15,Digital Ad,Registered,True,False,True,77
ENG000056,CAMP0002,HCP0194,REP038,T002,2025-06-01,Email,Registered,True,True,False,38
ENG000057,CAMP0002,HCP0110,REP014,T002,2025-05-22,Email,Downloaded,True,False,False,87
ENG000058,CAMP0002,HCP0470,REP038,T002,2025-07-08,Email,Registered,True,False,True,37
ENG000059,CAMP0002,HCP0098,REP002,T002,2025-06-13,Email,Opened Content,True,True,False,81
ENG000060,CAMP0002,HCP0110,REP014,T002,2025-06-03,Email,Clicked Link,False,False,False,61
ENG000061,CAMP0002,HCP0338,REP014,T002,2025-05-22,Email,Opened Content,True,False,True,56
ENG000062,CAMP0002,HCP0338,REP002,T002,2025-05-14,Digital Ad,Clicked Link,True,True,False,33
ENG000063,CAMP0002,HCP0338,REP014,T002,2025-06-08,Digital Ad,Attended,False,False,True,33
ENG000064,CAMP0002,HCP0110,REP014,T002,2025-06-19,Field Event,Attended,False,False,False,70
ENG000065,CAMP0002,HCP0362,REP002,T002,2025-06-02,Email,Clicked Link,False,False,False,24
ENG000066,CAMP0002,HCP0158,REP026,T002,2025-05-25,Digital Ad,Downloaded,True,True,True,51
ENG000067,CAMP0002,HCP0158,REP002,T002,2025-05-31,Webinar,Attended,False,False,False,69
ENG000068,CAMP0002,HCP0158,REP038,T002,2025-06-18,Webinar,Opened Content,True,False,False,37
ENG000069,CAMP0002,HCP0158,REP002,T002,2025-05-18,Field Event,Opened Content,True,True,True,31
ENG000070,CAMP0002,HCP0362,REP002,T002,2025-05-07,Field Event,Attended,True,True,True,94
ENG000071,CAMP0003,HCP0135,REP015,T003,2025-10-23,Webinar,Attended,True,True,True,97
ENG000072,CAMP0003,HCP0459,REP015,T003,2025-10-30,Field Event,Downloaded,True,True,True,39
ENG000073,CAMP0003,HCP0495,REP027,T003,2025-11-07,Email,Downloaded,True,True,True,83
ENG000074,CAMP0003,HCP0051,REP027,T003,2025-10-12,Email,Attended,False,False,False,83
ENG000075,CAMP0003,HCP0099,REP015,T003,2025-11-06,Field Event,Downloaded,False,False,False,24
ENG000076,CAMP0003,HCP0327,REP027,T003,2025-10-31,Webinar,Clicked Link,False,False,True,58
ENG000077,CAMP0003,HCP0051,REP003,T003,2025-11-20,Webinar,Opened Content,False,False,False,12
ENG000078,CAMP0003,HCP0123,REP039,T003,2025-10-13,Digital Ad,Clicked Link,True,False,True,79
ENG000079,CAMP0003,HCP0015,REP003,T003,2025-11-10,Field Event,Clicked Link,True,False,False,28
ENG000080,CAMP0003,HCP0147,REP039,T003,2025-11-17,Email,Opened Content,True,True,False,64
ENG000081,CAMP0003,HCP0423,REP027,T003,2025-11-22,Digital Ad,Registered,True,False,False,71
ENG000082,CAMP0003,HCP0183,REP039,T003,2025-11-07,Digital Ad,Opened Content,False,False,False,53
ENG000083,CAMP0003,HCP0291,REP015,T003,2025-11-10,Email,Downloaded,True,False,False,6
ENG000084,CAMP0003,HCP0411,REP027,T003,2025-10-23,Webinar,Attended,True,False,False,14
ENG000085,CAMP0003,HCP0495,REP027,T003,2025-11-22,Email,Downloaded,False,False,True,80
ENG000086,CAMP0003,HCP0339,REP027,T003,2025-10-14,Digital Ad,Registered,False,False,True,22
ENG000087,CAMP0003,HCP0219,REP039,T003,2025-10-20,Field Event,Opened Content,True,False,False,55
ENG000088,CAMP0003,HCP0483,REP027,T003,2025-10-23,Webinar,Registered,False,False,False,100
ENG000089,CAMP0003,HCP0171,REP027,T003,2025-10-20,Field Event,Clicked Link,True,False,False,84
ENG000090,CAMP0003,HCP0423,REP015,T003,2025-10-22,Field Event,Registered,True,False,False,43
ENG000091,CAMP0003,HCP0123,REP015,T003,2025-11-15,Digital Ad,Opened Content,True,True,False,9
ENG000092,CAMP0003,HCP0483,REP003,T003,2025-10-14,Digital Ad,Clicked Link,True,True,False,23
ENG000093,CAMP0003,HCP0219,REP003,T003,2025-11-13,Webinar,Attended,True,True,False,94
ENG000094,CAMP0003,HCP0351,REP003,T003,2025-11-22,Email,Clicked Link,True,False,False,73
ENG000095,CAMP0003,HCP0399,REP015,T003,2025-10-14,Webinar,Registered,True,True,False,90
ENG000096,CAMP0003,HCP0315,REP027,T003,2025-10-12,Field Event,Opened Content,True,True,False,5
ENG000097,CAMP0003,HCP0447,REP003,T003,2025-10-25,Field Event,Opened Content,True,True,False,4
ENG000098,CAMP0003,HCP0099,REP027,T003,2025-11-17,Email,Downloaded,True,False,False,36
ENG000099,CAMP0003,HCP0471,REP027,T003,2025-10-26,Email,Registered,True,True,False,15
ENG000100,CAMP0003,HCP0063,REP039,T003,2025-10-09,Digital Ad,Downloaded,True,True,False,54
ENG000101,CAMP0003,HCP0135,REP027,T003,2025-11-04,Field Event,Registered,True,False,False,55
ENG000102,CAMP0003,HCP0039,REP003,T003,2025-11-07,Email,Downloaded,True,True,False,65
ENG000103,CAMP0004,HCP0184,REP040,T004,2025-09-09,Field Event,Attended,True,True,False,16
ENG000104,CAMP0004,HCP0364,REP028,T004,2025-06-23,Field Event,Downloaded,True,True,True,29
ENG000105,CAMP0004,HCP0256,REP016,T004,2025-09-14,Email,Opened Content,True,True,False,56
ENG000106,CAMP0004,HCP0316,REP028,T004,2025-08-03,Email,Downloaded,True,False,True,32
ENG000107,CAMP0004,HCP0220,REP028,T004,2025-07-04,Email,Downloaded,True,False,False,56
ENG000108,CAMP0004,HCP0388,REP028,T004,2025-07-04,Field Event,Downloaded,False,False,False,3
ENG000109,CAMP0004,HCP0256,REP028,T004,2025-07-09,Webinar,Attended,True,True,True,64
ENG000110,CAMP0004,HCP0160,REP028,T004,2025-09-15,Digital Ad,Attended,False,False,True,18
ENG000111,CAMP0004,HCP0016,REP016,T004,2025-09-02,Field Event,Downloaded,True,True,False,57
ENG000112,CAMP0004,HCP0496,REP040,T004,2025-06-30,Email,Attended,True,True,False,78
ENG000113,CAMP0004,HCP0316,REP016,T004,2025-08-23,Email,Downloaded,False,False,False,76
ENG000114,CAMP0004,HCP0124,REP028,T004,2025-08-28,Email,Attended,True,True,False,40
ENG000115,CAMP0004,HCP0196,REP028,T004,2025-09-07,Webinar,Clicked Link,False,False,False,1
ENG000116,CAMP0004,HCP0364,REP040,T004,2025-07-12,Email,Downloaded,True,False,True,49
ENG000117,CAMP0004,HCP0364,REP016,T004,2025-09-05,Digital Ad,Attended,True,True,False,62
ENG000118,CAMP0004,HCP0436,REP028,T004,2025-09-13,Webinar,Opened Content,True,True,False,74
ENG000119,CAMP0004,HCP0316,REP016,T004,2025-08-22,Email,Registered,True,False,False,67
ENG000120,CAMP0004,HCP0076,REP028,T004,2025-07-30,Webinar,Opened Content,True,True,True,87
ENG000121,CAMP0004,HCP0052,REP004,T004,2025-09-08,Webinar,Attended,True,False,True,49
ENG000122,CAMP0004,HCP0472,REP028,T004,2025-06-15,Email,Clicked Link,True,False,False,10
ENG000123,CAMP0004,HCP0472,REP004,T004,2025-07-22,Email,Attended,True,True,True,19
ENG000124,CAMP0004,HCP0496,REP016,T004,2025-07-16,Digital Ad,Downloaded,True,False,False,11
ENG000125,CAMP0004,HCP0208,REP004,T004,2025-07-17,Webinar,Clicked Link,True,False,False,13
ENG000126,CAMP0004,HCP0220,REP004,T004,2025-08-22,Webinar,Clicked Link,True,False,False,67
ENG000127,CAMP0004,HCP0196,REP040,T004,2025-07-08,Webinar,Attended,True,False,True,2
ENG000128,CAMP0004,HCP0148,REP016,T004,2025-09-09,Email,Attended,True,False,False,40
ENG000129,CAMP0004,HCP0388,REP004,T004,2025-07-09,Field Event,Downloaded,True,False,False,60
ENG000130,CAMP0004,HCP0172,REP028,T004,2025-08-21,Webinar,Opened Content,True,False,False,5
ENG000131,CAMP0004,HCP0472,REP016,T004,2025-08-09,Field Event,Opened Content,True,True,False,8
ENG000132,CAMP0004,HCP0376,REP016,T004,2025-06-24,Webinar,Clicked Link,True,True,False,53
ENG000133,CAMP0004,HCP0052,REP004,T004,2025-08-09,Field Event,Downloaded,True,False,False,44
ENG000134,CAMP0004,HCP0352,REP004,T004,2025-08-06,Webinar,Registered,False,False,False,97
ENG000135,CAMP0004,HCP0004,REP028,T004,2025-07-30,Field Event,Opened Content,False,False,False,10
ENG000136,CAMP0004,HCP0040,REP028,T004,2025-06-14,Field Event,Attended,True,False,False,16
ENG000137,CAMP0004,HCP0100,REP028,T004,2025-06-20,Field Event,Clicked Link,True,False,True,50
ENG000138,CAMP0004,HCP0100,REP004,T004,2025-07-11,Digital Ad,Clicked Link,False,False,False,4
ENG000139,CAMP0004,HCP0436,REP016,T004,2025-06-17,Webinar,Opened Content,False,False,False,22
ENG000140,CAMP0005,HCP0077,REP017,T005,2025-04-19,Webinar,Clicked Link,True,False,False,15
ENG000141,CAMP0005,HCP0137,REP017,T005,2025-05-29,Digital Ad,Registered,True,False,True,1
ENG000142,CAMP0005,HCP0449,REP029,T005,2025-04-01,Digital Ad,Clicked Link,True,False,False,73
ENG000143,CAMP0005,HCP0173,REP017,T005,2025-06-06,Email,Attended,True,True,False,84
ENG000144,CAMP0005,HCP0269,REP029,T005,2025-06-08,Field Event,Clicked Link,True,True,False,82
ENG000145,CAMP0005,HCP0437,REP029,T005,2025-03-14,Field Event,Attended,True,True,False,40
ENG000146,CAMP0005,HCP0089,REP005,T005,2025-06-02,Digital Ad,Downloaded,True,True,False,57
ENG000147,CAMP0005,HCP0485,REP029,T005,2025-04-19,Email,Downloaded,True,False,False,96
ENG000148,CAMP0005,HCP0365,REP017,T005,2025-05-30,Digital Ad,Downloaded,True,False,False,83
ENG000149,CAMP0005,HCP0089,REP017,T005,2025-04-04,Webinar,Registered,True,False,False,43
ENG000150,CAMP0005,HCP0197,REP005,T005,2025-04-20,Digital Ad,Opened Content,True,True,True,51
ENG000151,CAMP0005,HCP0089,REP005,T005,2025-04-01,Email,Attended,False,False,False,93
ENG000152,CAMP0005,HCP0197,REP005,T005,2025-05-18,Field Event,Opened Content,True,False,True,26
ENG000153,CAMP0005,HCP0269,REP005,T005,2025-02-17,Webinar,Opened Content,True,True,False,73
ENG000154,CAMP0005,HCP0257,REP029,T005,2025-03-10,Email,Attended,True,False,False,11
ENG000155,CAMP0005,HCP0377,REP029,T005,2025-05-13,Digital Ad,Downloaded,True,False,False,92
ENG000156,CAMP0005,HCP0497,REP029,T005,2025-04-23,Digital Ad,Registered,True,True,False,50
ENG000157,CAMP0005,HCP0449,REP005,T005,2025-05-30,Webinar,Clicked Link,True,False,False,81
ENG000158,CAMP0005,HCP0449,REP017,T005,2025-05-07,Field Event,Attended,True,True,False,31
ENG000159,CAMP0005,HCP0269,REP029,T005,2025-04-02,Digital Ad,Opened Content,False,False,True,49
ENG000160,CAMP0006,HCP0402,REP030,T006,2025-09-14,Webinar,Opened Content,True,False,False,58
ENG000161,CAMP0006,HCP0138,REP018,T006,2025-07-31,Webinar,Registered,True,True,False,63
ENG000162,CAMP0006,HCP0138,REP018,T006,2025-09-17,Field Event,Clicked Link,False,False,False,9
ENG000163,CAMP0006,HCP0498,REP018,T006,2025-07-31,Field Event,Attended,True,False,False,88
ENG000164,CAMP0006,HCP0402,REP006,T006,2025-09-10,Digital Ad,Opened Content,True,False,True,59
ENG000165,CAMP0006,HCP0078,REP030,T006,2025-07-18,Email,Opened Content,True,False,False,76
ENG000166,CAMP0006,HCP0390,REP006,T006,2025-09-10,Webinar,Downloaded,True,False,True,92
ENG000167,CAMP0006,HCP0390,REP030,T006,2025-08-11,Field Event,Registered,False,False,False,21
ENG000168,CAMP0006,HCP0450,REP006,T006,2025-08-17,Webinar,Downloaded,False,False,True,36
ENG000169,CAMP0006,HCP0102,REP006,T006,2025-09-02,Email,Registered,False,False,False,8
ENG000170,CAMP0006,HCP0138,REP006,T006,2025-08-30,Field Event,Attended,True,False,False,68
ENG000171,CAMP0006,HCP0366,REP018,T006,2025-08-18,Webinar,Registered,False,False,False,43
ENG000172,CAMP0006,HCP0198,REP018,T006,2025-08-23,Email,Downloaded,True,True,True,67
ENG000173,CAMP0006,HCP0102,REP018,T006,2025-09-15,Digital Ad,Registered,True,True,False,43
ENG000174,CAMP0006,HCP0390,REP006,T006,2025-07-23,Email,Attended,True,False,False,12
ENG000175,CAMP0006,HCP0498,REP018,T006,2025-08-07,Email,Attended,True,False,False,30
ENG000176,CAMP0006,HCP0246,REP030,T006,2025-08-02,Webinar,Clicked Link,True,False,True,72
ENG000177,CAMP0006,HCP0174,REP030,T006,2025-08-14,Digital Ad,Attended,True,True,False,3
ENG000178,CAMP0006,HCP0198,REP006,T006,2025-07-18,Field Event,Opened Content,True,True,False,75
ENG000179,CAMP0006,HCP0138,REP030,T006,2025-08-16,Email,Opened Content,False,False,False,81
ENG000180,CAMP0006,HCP0366,REP018,T006,2025-08-07,Digital Ad,Clicked Link,True,True,False,18
ENG000181,CAMP0006,HCP0366,REP030,T006,2025-07-28,Webinar,Registered,True,False,False,55
ENG000182,CAMP0006,HCP0390,REP006,T006,2025-09-16,Digital Ad,Downloaded,True,False,True,58
ENG000183,CAMP0006,HCP0366,REP030,T006,2025-09-14,Digital Ad,Downloaded,False,False,False,28
ENG000184,CAMP0006,HCP0198,REP006,T006,2025-08-06,Field Event,Clicked Link,False,False,False,83
ENG000185,CAMP0006,HCP0138,REP030,T006,2025-07-21,Webinar,Clicked Link,True,False,False,40
ENG000186,CAMP0007,HCP0487,REP031,T007,2025-05-17,Field Event,Attended,True,True,False,14
ENG000187,CAMP0007,HCP0295,REP019,T007,2025-06-18,Field Event,Opened Content,False,False,True,90
ENG000188,CAMP0007,HCP0283,REP019,T007,2025-05-23,Email,Attended,True,True,False,34
ENG000189,CAMP0007,HCP0259,REP019,T007,2025-05-11,Digital Ad,Clicked Link,False,False,False,100
ENG000190,CAMP0007,HCP0463,REP031,T007,2025-05-27,Webinar,Opened Content,True,False,False,62
ENG000191,CAMP0007,HCP0211,REP007,T007,2025-05-29,Email,Downloaded,True,False,True,43
ENG000192,CAMP0007,HCP0319,REP007,T007,2025-06-16,Webinar,Attended,False,False,False,8
ENG000193,CAMP0007,HCP0379,REP007,T007,2025-06-18,Digital Ad,Clicked Link,True,True,False,96
ENG000194,CAMP0007,HCP0343,REP007,T007,2025-05-10,Digital Ad,Clicked Link,False,False,False,36
ENG000195,CAMP0007,HCP0307,REP031,T007,2025-06-17,Digital Ad,Clicked Link,True,True,False,6
ENG000196,CAMP0007,HCP0379,REP031,T007,2025-06-13,Field Event,Registered,False,False,False,37
ENG000197,CAMP0007,HCP0451,REP031,T007,2025-05-19,Webinar,Downloaded,True,True,False,6
ENG000198,CAMP0007,HCP0451,REP019,T007,2025-06-06,Webinar,Downloaded,False,False,False,76
ENG000199,CAMP0007,HCP0211,REP019,T007,2025-06-13,Webinar,Registered,False,False,False,89
ENG000200,CAMP0007,HCP0223,REP031,T007,2025-06-21,Field Event,Downloaded,False,False,True,57
ENG000201,CAMP0007,HCP0283,REP007,T007,2025-06-23,Email,Clicked Link,False,False,False,66
ENG000202,CAMP0007,HCP0115,REP007,T007,2025-05-16,Digital Ad,Clicked Link,True,True,False,66
ENG000203,CAMP0007,HCP0427,REP031,T007,2025-05-21,Digital Ad,Registered,True,False,False,7
ENG000204,CAMP0007,HCP0487,REP031,T007,2025-06-13,Field Event,Opened Content,False,False,False,24
ENG000205,CAMP0007,HCP0223,REP007,T007,2025-06-28,Webinar,Registered,True,True,False,95
ENG000206,CAMP0007,HCP0115,REP031,T007,2025-06-14,Email,Attended,False,False,False,23
ENG000207,CAMP0007,HCP0343,REP007,T007,2025-05-29,Digital Ad,Opened Content,False,False,True,25
ENG000208,CAMP0007,HCP0079,REP007,T007,2025-05-25,Digital Ad,Downloaded,False,False,False,39
ENG000209,CAMP0007,HCP0487,REP007,T007,2025-06-06,Webinar,Attended,True,False,False,26
ENG000210,CAMP0007,HCP0427,REP007,T007,2025-06-03,Email,Attended,True,False,False,65
ENG000211,CAMP0007,HCP0487,REP007,T007,2025-06-07,Digital Ad,Downloaded,True,False,False,13
ENG000212,CAMP0007,HCP0427,REP031,T007,2025-05-10,Digital Ad,Registered,True,True,False,17
ENG000213,CAMP0007,HCP0211,REP007,T007,2025-06-30,Webinar,Downloaded,True,True,False,29
ENG000214,CAMP0008,HCP0116,REP008,T008,2025-03-07,Email,Attended,True,True,False,21
ENG000215,CAMP0008,HCP0116,REP020,T008,2025-03-16,Webinar,Downloaded,True,False,False,85
ENG000216,CAMP0008,HCP0248,REP008,T008,2025-02-19,Email,Opened Content,True,False,False,9
ENG000217,CAMP0008,HCP0260,REP008,T008,2025-02-09,Digital Ad,Opened Content,True,False,False,9
ENG000218,CAMP0008,HCP0296,REP020,T008,2025-03-18,Digital Ad,Downloaded,False,False,False,10
ENG000219,CAMP0008,HCP0068,REP008,T008,2025-03-13,Email,Opened Content,False,False,False,72
ENG000220,CAMP0008,HCP0260,REP032,T008,2025-03-14,Email,Registered,True,True,False,53
ENG000221,CAMP0008,HCP0368,REP008,T008,2025-02-10,Email,Registered,True,True,False,75
ENG000222,CAMP0008,HCP0260,REP032,T008,2025-02-07,Email,Attended,False,False,True,100
ENG000223,CAMP0008,HCP0224,REP032,T008,2025-02-28,Webinar,Clicked Link,True,True,False,85
ENG000224,CAMP0008,HCP0068,REP008,T008,2025-04-02,Email,Downloaded,True,False,False,99
ENG000225,CAMP0008,HCP0248,REP032,T008,2025-02-07,Webinar,Opened Content,True,True,False,38
ENG000226,CAMP0008,HCP0116,REP020,T008,2025-03-17,Webinar,Opened Content,True,False,False,97
ENG000227,CAMP0008,HCP0296,REP032,T008,2025-02-25,Field Event,Registered,True,False,False,39
ENG000228,CAMP0008,HCP0068,REP032,T008,2025-02-12,Webinar,Opened Content,True,True,False,18
ENG000229,CAMP0008,HCP0296,REP008,T008,2025-03-15,Field Event,Attended,True,True,False,20
ENG000230,CAMP0008,HCP0464,REP020,T008,2025-03-13,Webinar,Registered,True,False,True,8
ENG000231,CAMP0008,HCP0248,REP020,T008,2025-02-16,Email,Downloaded,True,False,False,88
ENG000232,CAMP0008,HCP0464,REP008,T008,2025-03-11,Field Event,Registered,True,False,False,3
ENG000233,CAMP0008,HCP0368,REP032,T008,2025-02-12,Webinar,Registered,True,False,False,100
ENG000234,CAMP0008,HCP0116,REP020,T008,2025-03-30,Digital Ad,Clicked Link,False,False,False,20
ENG000235,CAMP0008,HCP0260,REP032,T008,2025-03-23,Digital Ad,Registered,True,True,True,71
ENG000236,CAMP0008,HCP0368,REP032,T008,2025-02-21,Email,Attended,True,True,True,40
ENG000237,CAMP0008,HCP0464,REP032,T008,2025-02-15,Digital Ad,Attended,False,False,True,74
ENG000238,CAMP0008,HCP0248,REP020,T008,2025-02-03,Webinar,Downloaded,True,False,False,31
ENG000239,CAMP0008,HCP0248,REP032,T008,2025-02-25,Digital Ad,Opened Content,True,False,False,47
ENG000240,CAMP0008,HCP0068,REP032,T008,2025-04-03,Field Event,Downloaded,True,False,False,12
ENG000241,CAMP0008,HCP0224,REP032,T008,2025-04-11,Digital Ad,Downloaded,True,False,False,7
ENG000242,CAMP0008,HCP0068,REP032,T008,2025-03-21,Digital Ad,Registered,True,False,False,97
ENG000243,CAMP0008,HCP0368,REP032,T008,2025-02-14,Field Event,Registered,True,True,False,40
ENG000244,CAMP0008,HCP0068,REP020,T008,2025-02-21,Webinar,Opened Content,True,True,False,22
ENG000245,CAMP0008,HCP0248,REP008,T008,2025-03-29,Digital Ad,Downloaded,True,True,False,4
ENG000246,CAMP0008,HCP0260,REP032,T008,2025-04-01,Digital Ad,Opened Content,True,False,False,20
ENG000247,CAMP0009,HCP0381,REP033,T009,2026-05-21,Digital Ad,Downloaded,True,True,False,25
ENG000248,CAMP0009,HCP0417,REP033,T009,2026-05-07,Email,Attended,True,False,False,66
ENG000249,CAMP0009,HCP0405,REP021,T009,2026-05-12,Webinar,Clicked Link,True,True,False,66
ENG000250,CAMP0009,HCP0069,REP033,T009,2026-04-05,Digital Ad,Attended,False,False,False,3
ENG000251,CAMP0009,HCP0489,REP009,T009,2026-04-25,Field Event,Attended,True,False,False,14
ENG000252,CAMP0009,HCP0177,REP033,T009,2026-03-01,Field Event,Opened Content,True,True,False,75
ENG000253,CAMP0009,HCP0285,REP009,T009,2026-05-03,Email,Attended,True,False,False,54
ENG000254,CAMP0009,HCP0033,REP009,T009,2026-05-13,Field Event,Registered,True,False,False,45
ENG000255,CAMP0009,HCP0069,REP033,T009,2026-04-01,Email,Attended,False,False,True,90
ENG000256,CAMP0009,HCP0489,REP009,T009,2026-04-27,Webinar,Clicked Link,True,False,False,66
ENG000257,CAMP0009,HCP0357,REP009,T009,2026-04-27,Digital Ad,Attended,False,False,False,93
ENG000258,CAMP0009,HCP0069,REP033,T009,2026-04-10,Email,Attended,True,False,False,87
ENG000259,CAMP0009,HCP0249,REP033,T009,2026-05-16,Field Event,Downloaded,False,False,False,53
ENG000260,CAMP0009,HCP0321,REP009,T009,2026-05-17,Webinar,Downloaded,True,True,True,25
ENG000261,CAMP0009,HCP0417,REP009,T009,2026-05-22,Field Event,Downloaded,True,False,True,83
ENG000262,CAMP0009,HCP0369,REP021,T009,2026-04-13,Digital Ad,Registered,True,False,False,21
ENG000263,CAMP0009,HCP0465,REP033,T009,2026-03-22,Email,Attended,True,True,False,54
ENG000264,CAMP0009,HCP0201,REP033,T009,2026-05-04,Email,Downloaded,True,False,False,79
ENG000265,CAMP0009,HCP0357,REP021,T009,2026-05-27,Digital Ad,Downloaded,True,False,False,63
ENG000266,CAMP0009,HCP0453,REP033,T009,2026-04-26,Field Event,Attended,True,True,True,87
ENG000267,CAMP0009,HCP0081,REP033,T009,2026-03-07,Email,Registered,True,False,False,24
ENG000268,CAMP0009,HCP0153,REP033,T009,2026-03-26,Webinar,Attended,True,False,False,88
ENG000269,CAMP0009,HCP0321,REP033,T009,2026-05-06,Field Event,Opened Content,False,False,True,38
ENG000270,CAMP0009,HCP0309,REP033,T009,2026-04-14,Email,Registered,True,False,False,54
ENG000271,CAMP0009,HCP0201,REP009,T009,2026-03-03,Field Event,Registered,True,False,False,82
ENG000272,CAMP0009,HCP0405,REP009,T009,2026-03-12,Field Event,Opened Content,True,True,False,51
ENG000273,CAMP0009,HCP0489,REP033,T009,2026-02-26,Email,Clicked Link,True,False,False,10
ENG000274,CAMP0009,HCP0405,REP009,T009,2026-02-28,Email,Downloaded,True,False,True,3
ENG000275,CAMP0010,HCP0226,REP034,T010,2026-01-13,Email,Attended,False,False,False,31
ENG000276,CAMP0010,HCP0262,REP010,T010,2025-12-19,Digital Ad,Registered,True,False,False,12
ENG000277,CAMP0010,HCP0346,REP034,T010,2025-12-20,Digital Ad,Attended,False,False,False,68
ENG000278,CAMP0010,HCP0130,REP022,T010,2025-12-21,Email,Clicked Link,True,True,False,93
ENG000279,CAMP0010,HCP0118,REP034,T010,2025-12-20,Digital Ad,Attended,True,False,False,70
ENG000280,CAMP0010,HCP0226,REP010,T010,2026-01-11,Digital Ad,Downloaded,True,True,False,52
ENG000281,CAMP0010,HCP0082,REP022,T010,2026-01-08,Email,Attended,False,False,False,49
ENG000282,CAMP0010,HCP0490,REP022,T010,2025-12-22,Email,Attended,True,True,False,82
ENG000283,CAMP0010,HCP0094,REP034,T010,2026-01-02,Field Event,Clicked Link,False,False,False,88
ENG000284,CAMP0010,HCP0346,REP010,T010,2025-12-31,Webinar,Registered,True,False,True,15
ENG000285,CAMP0010,HCP0454,REP010,T010,2026-01-15,Field Event,Registered,False,False,False,56
ENG000286,CAMP0010,HCP0406,REP022,T010,2025-12-18,Field Event,Attended,False,False,True,10
ENG000287,CAMP0010,HCP0334,REP022,T010,2025-12-14,Email,Clicked Link,True,False,False,2
ENG000288,CAMP0010,HCP0490,REP034,T010,2025-12-29,Email,Registered,False,False,False,26
ENG000289,CAMP0010,HCP0322,REP010,T010,2026-01-02,Email,Attended,True,False,False,96
ENG000290,CAMP0010,HCP0334,REP022,T010,2025-12-09,Field Event,Attended,False,False,True,36
ENG000291,CAMP0010,HCP0286,REP034,T010,2025-12-20,Field Event,Opened Content,False,False,False,75
ENG000292,CAMP0010,HCP0178,REP010,T010,2026-01-14,Email,Attended,True,True,False,2
ENG000293,CAMP0010,HCP0418,REP022,T010,2025-12-11,Digital Ad,Attended,True,False,False,25
ENG000294,CAMP0010,HCP0394,REP034,T010,2025-12-20,Webinar,Registered,True,False,False,36
ENG000295,CAMP0011,HCP0011,REP035,T011,2025-03-22,Digital Ad,Opened Content,True,False,False,76
ENG000296,CAMP0011,HCP0251,REP011,T011,2025-05-11,Email,Registered,True,False,False,97
ENG000297,CAMP0011,HCP0239,REP035,T011,2025-05-23,Field Event,Opened Content,True,False,False,94
ENG000298,CAMP0011,HCP0167,REP035,T011,2025-05-16,Digital Ad,Registered,True,True,False,85
ENG000299,CAMP0011,HCP0143,REP023,T011,2025-06-19,Email,Attended,True,True,False,15
ENG000300,CAMP0011,HCP0311,REP035,T011,2025-04-13,Email,Opened Content,True,False,False,83
ENG000301,CAMP0011,HCP0431,REP035,T011,2025-04-12,Email,Opened Content,True,False,False,68
ENG000302,CAMP0011,HCP0047,REP035,T011,2025-03-26,Field Event,Downloaded,True,True,False,6
ENG000303,CAMP0011,HCP0047,REP023,T011,2025-06-17,Webinar,Clicked Link,False,False,False,4
ENG000304,CAMP0011,HCP0035,REP023,T011,2025-05-18,Digital Ad,Downloaded,True,False,False,33
ENG000305,CAMP0011,HCP0023,REP011,T011,2025-03-22,Email,Registered,False,False,False,30
ENG000306,CAMP0011,HCP0047,REP011,T011,2025-04-13,Email,Downloaded,True,False,True,48
ENG000307,CAMP0011,HCP0455,REP011,T011,2025-04-20,Digital Ad,Opened Content,True,True,True,74
ENG000308,CAMP0011,HCP0023,REP011,T011,2025-04-14,Field Event,Clicked Link,True,False,True,41
ENG000309,CAMP0011,HCP0263,REP011,T011,2025-05-11,Webinar,Registered,False,False,True,78
ENG000310,CAMP0011,HCP0455,REP023,T011,2025-04-18,Field Event,Clicked Link,True,False,False,96
ENG000311,CAMP0011,HCP0407,REP011,T011,2025-03-23,Webinar,Downloaded,True,False,True,53
ENG000312,CAMP0011,HCP0227,REP011,T011,2025-05-16,Field Event,Attended,True,False,True,1
ENG000313,CAMP0011,HCP0323,REP035,T011,2025-06-12,Webinar,Attended,True,True,False,1
ENG000314,CAMP0011,HCP0047,REP011,T011,2025-06-15,Email,Clicked Link,True,True,False,28
ENG000315,CAMP0011,HCP0239,REP023,T011,2025-05-11,Digital Ad,Attended,True,True,False,68
ENG000316,CAMP0011,HCP0419,REP035,T011,2025-04-05,Field Event,Attended,True,False,False,87
ENG000317,CAMP0011,HCP0119,REP035,T011,2025-05-20,Digital Ad,Opened Content,True,False,True,38
ENG000318,CAMP0011,HCP0431,REP035,T011,2025-03-18,Field Event,Opened Content,True,False,True,28
ENG000319,CAMP0011,HCP0299,REP035,T011,2025-05-20,Webinar,Downloaded,False,False,False,94
ENG000320,CAMP0011,HCP0047,REP035,T011,2025-04-27,Field Event,Registered,True,True,False,8
ENG000321,CAMP0011,HCP0239,REP035,T011,2025-04-28,Digital Ad,Downloaded,False,False,False,27
ENG000322,CAMP0011,HCP0179,REP023,T011,2025-05-24,Email,Downloaded,True,False,False,90
ENG000323,CAMP0011,HCP0347,REP023,T011,2025-05-14,Email,Registered,True,False,True,95
ENG000324,CAMP0012,HCP0036,REP012,T012,2025-03-15,Webinar,Opened Content,True,False,True,5
ENG000325,CAMP0012,HCP0180,REP024,T012,2025-02-02,Email,Opened Content,True,False,False,2
ENG000326,CAMP0012,HCP0168,REP024,T012,2025-03-18,Email,Registered,True,False,False,50
ENG000327,CAMP0012,HCP0420,REP012,T012,2025-03-16,Field Event,Attended,False,False,False,88
ENG000328,CAMP0012,HCP0264,REP012,T012,2025-04-18,Email,Attended,True,False,False,26
ENG000329,CAMP0012,HCP0036,REP036,T012,2025-05-09,Field Event,Opened Content,False,False,False,83
ENG000330,CAMP0012,HCP0468,REP012,T012,2025-03-18,Digital Ad,Registered,True,True,False,18
ENG000331,CAMP0012,HCP0072,REP036,T012,2025-05-07,Webinar,Clicked Link,True,False,False,87
ENG000332,CAMP0012,HCP0072,REP012,T012,2025-04-11,Field Event,Registered,True,False,False,68
ENG000333,CAMP0012,HCP0264,REP024,T012,2025-05-02,Email,Attended,True,False,False,76
ENG000334,CAMP0012,HCP0468,REP036,T012,2025-02-11,Webinar,Attended,True,True,True,32
ENG000335,CAMP0012,HCP0264,REP012,T012,2025-04-01,Field Event,Attended,True,True,False,15
ENG000336,CAMP0012,HCP0480,REP036,T012,2025-04-16,Webinar,Opened Content,True,False,False,33
ENG000337,CAMP0012,HCP0072,REP012,T012,2025-02-18,Field Event,Registered,True,True,False,5
ENG000338,CAMP0012,HCP0264,REP024,T012,2025-05-15,Email,Registered,True,False,False,34
ENG000339,CAMP0012,HCP0036,REP024,T012,2025-04-01,Email,Clicked Link,True,True,False,10
ENG000340,CAMP0012,HCP0264,REP012,T012,2025-03-31,Email,Attended,True,False,False,33
ENG000341,CAMP0012,HCP0468,REP024,T012,2025-04-09,Field Event,Attended,True,True,False,75
ENG000342,CAMP0012,HCP0360,REP036,T012,2025-04-26,Digital Ad,Clicked Link,True,True,True,92
ENG000343,CAMP0012,HCP0036,REP012,T012,2025-03-01,Field Event,Clicked Link,True,False,False,94
ENG000344,CAMP0012,HCP0036,REP036,T012,2025-05-22,Webinar,Registered,False,False,False,72
ENG000345,CAMP0012,HCP0180,REP024,T012,2025-03-05,Webinar,Downloaded,False,False,False,12
ENG000346,CAMP0012,HCP0360,REP036,T012,2025-04-25,Digital Ad,Clicked Link,True,True,False,92
ENG000347,CAMP0012,HCP0072,REP024,T012,2025-02-07,Field Event,Clicked Link,True,False,True,63
ENG000348,CAMP0013,HCP0109,REP025,T001,2026-04-06,Field Event,Downloaded,True,False,False,81
ENG000349,CAMP0013,HCP0409,REP001,T001,2026-03-29,Digital Ad,Registered,False,False,False,47
ENG000350,CAMP0013,HCP0265,REP001,T001,2026-03-17,Field Event,Opened Content,True,False,False,93
ENG000351,CAMP0013,HCP0001,REP001,T001,2026-05-16,Field Event,Opened Content,False,False,False,65
ENG000352,CAMP0013,HCP0445,REP001,T001,2026-03-17,Webinar,Downloaded,False,False,True,80
ENG000353,CAMP0013,HCP0325,REP013,T001,2026-04-09,Webinar,Downloaded,True,False,True,40
ENG000354,CAMP0013,HCP0373,REP025,T001,2026-05-09,Digital Ad,Downloaded,True,False,True,34
ENG000355,CAMP0013,HCP0337,REP037,T001,2026-04-29,Webinar,Registered,True,False,False,72
ENG000356,CAMP0013,HCP0445,REP037,T001,2026-05-04,Field Event,Clicked Link,False,False,False,8
ENG000357,CAMP0013,HCP0229,REP037,T001,2026-05-14,Webinar,Registered,True,False,True,95
ENG000358,CAMP0013,HCP0085,REP025,T001,2026-04-04,Webinar,Registered,False,False,False,23
ENG000359,CAMP0013,HCP0481,REP013,T001,2026-03-26,Field Event,Attended,True,False,False,50
ENG000360,CAMP0013,HCP0049,REP025,T001,2026-03-25,Field Event,Registered,True,True,False,18
ENG000361,CAMP0013,HCP0085,REP013,T001,2026-03-30,Email,Opened Content,True,False,False,33
ENG000362,CAMP0013,HCP0193,REP037,T001,2026-05-19,Field Event,Downloaded,False,False,False,67
ENG000363,CAMP0013,HCP0433,REP013,T001,2026-04-04,Field Event,Opened Content,True,False,False,95
ENG000364,CAMP0013,HCP0121,REP025,T001,2026-05-07,Digital Ad,Registered,True,False,True,75
ENG000365,CAMP0013,HCP0313,REP013,T001,2026-03-31,Webinar,Clicked Link,True,False,False,23
ENG000366,CAMP0013,HCP0013,REP037,T001,2026-04-04,Email,Clicked Link,True,True,True,52
ENG000367,CAMP0013,HCP0361,REP013,T001,2026-04-09,Field Event,Downloaded,True,False,False,14
ENG000368,CAMP0013,HCP0265,REP001,T001,2026-04-16,Field Event,Opened Content,True,False,False,25
ENG000369,CAMP0013,HCP0349,REP013,T001,2026-04-18,Field Event,Clicked Link,True,False,False,17
ENG000370,CAMP0013,HCP0145,REP025,T001,2026-04-07,Field Event,Downloaded,True,False,False,35
ENG000371,CAMP0013,HCP0061,REP013,T001,2026-03-19,Webinar,Downloaded,False,False,False,82
ENG000372,CAMP0013,HCP0229,REP001,T001,2026-03-19,Email,Opened Content,True,False,False,58
ENG000373,CAMP0013,HCP0037,REP001,T001,2026-04-15,Email,Attended,False,False,False,49
ENG000374,CAMP0013,HCP0349,REP025,T001,2026-05-01,Field Event,Clicked Link,False,False,False,68
ENG000375,CAMP0014,HCP0362,REP002,T002,2026-03-06,Webinar,Registered,True,True,False,85
ENG000376,CAMP0014,HCP0470,REP002,T002,2026-04-19,Email,Opened Content,True,True,False,18
ENG000377,CAMP0014,HCP0062,REP026,T002,2026-04-18,Webinar,Clicked Link,True,True,True,64
ENG000378,CAMP0014,HCP0158,REP002,T002,2026-04-04,Digital Ad,Opened Content,True,False,False,2
ENG000379,CAMP0014,HCP0158,REP026,T002,2026-02-05,Field Event,Registered,True,True,False,59
ENG000380,CAMP0014,HCP0194,REP026,T002,2026-04-26,Field Event,Downloaded,True,False,True,33
ENG000381,CAMP0014,HCP0062,REP038,T002,2026-03-26,Webinar,Registered,True,False,False,37
ENG000382,CAMP0014,HCP0290,REP026,T002,2026-03-06,Webinar,Downloaded,True,True,False,50
ENG000383,CAMP0014,HCP0362,REP002,T002,2026-04-16,Digital Ad,Attended,True,False,False,21
ENG000384,CAMP0014,HCP0110,REP014,T002,2026-03-05,Digital Ad,Clicked Link,False,False,False,56
ENG000385,CAMP0014,HCP0482,REP002,T002,2026-02-15,Webinar,Clicked Link,True,False,True,99
ENG000386,CAMP0014,HCP0158,REP026,T002,2026-04-18,Webinar,Opened Content,False,False,True,84
ENG000387,CAMP0014,HCP0158,REP026,T002,2026-02-12,Field Event,Opened Content,True,True,True,7
ENG000388,CAMP0014,HCP0482,REP026,T002,2026-02-06,Email,Attended,True,False,True,63
ENG000389,CAMP0014,HCP0062,REP026,T002,2026-03-26,Field Event,Attended,False,False,True,16
ENG000390,CAMP0014,HCP0194,REP038,T002,2026-03-02,Field Event,Attended,False,False,False,81
ENG000391,CAMP0014,HCP0470,REP014,T002,2026-01-30,Webinar,Opened Content,True,False,False,18
ENG000392,CAMP0014,HCP0158,REP026,T002,2026-02-04,Webinar,Attended,True,True,False,9
ENG000393,CAMP0014,HCP0110,REP002,T002,2026-02-01,Digital Ad,Downloaded,True,True,True,97
ENG000394,CAMP0014,HCP0290,REP026,T002,2026-04-06,Email,Downloaded,False,False,False,35
ENG000395,CAMP0015,HCP0159,REP003,T003,2025-07-09,Digital Ad,Downloaded,False,False,False,51
ENG000396,CAMP0015,HCP0471,REP027,T003,2025-08-18,Email,Registered,True,False,True,44
ENG000397,CAMP0015,HCP0159,REP027,T003,2025-06-24,Webinar,Opened Content,True,True,False,15
ENG000398,CAMP0015,HCP0471,REP039,T003,2025-06-29,Digital Ad,Opened Content,False,False,False,38
ENG000399,CAMP0015,HCP0219,REP039,T003,2025-08-20,Digital Ad,Attended,True,False,False,55
ENG000400,CAMP0015,HCP0219,REP039,T003,2025-07-10,Digital Ad,Opened Content,True,True,True,53
ENG000401,CAMP0015,HCP0327,REP015,T003,2025-06-24,Email,Attended,True,False,False,62
ENG000402,CAMP0015,HCP0387,REP015,T003,2025-08-15,Digital Ad,Attended,True,False,False,35
ENG000403,CAMP0015,HCP0471,REP003,T003,2025-08-23,Digital Ad,Registered,True,True,False,88
ENG000404,CAMP0015,HCP0471,REP027,T003,2025-06-27,Field Event,Downloaded,False,False,False,24
ENG000405,CAMP0015,HCP0471,REP027,T003,2025-07-02,Webinar,Downloaded,True,False,False,73
ENG000406,CAMP0015,HCP0219,REP027,T003,2025-07-28,Field Event,Attended,True,True,False,85
ENG000407,CAMP0015,HCP0387,REP015,T003,2025-07-03,Field Event,Attended,True,True,False,74
ENG000408,CAMP0015,HCP0159,REP039,T003,2025-06-23,Email,Opened Content,True,True,False,3
ENG000409,CAMP0015,HCP0447,REP027,T003,2025-06-26,Digital Ad,Opened Content,True,True,False,59
ENG000410,CAMP0015,HCP0447,REP027,T003,2025-07-14,Field Event,Registered,True,False,False,56
ENG000411,CAMP0015,HCP0003,REP015,T003,2025-07-18,Email,Attended,True,False,True,16
ENG000412,CAMP0015,HCP0459,REP003,T003,2025-06-24,Field Event,Registered,True,False,False,15
ENG000413,CAMP0015,HCP0459,REP003,T003,2025-07-01,Digital Ad,Registered,True,False,False,93
ENG000414,CAMP0015,HCP0471,REP027,T003,2025-07-17,Digital Ad,Clicked Link,True,True,False,30
ENG000415,CAMP0015,HCP0219,REP039,T003,2025-07-23,Email,Clicked Link,True,False,True,31
ENG000416,CAMP0015,HCP0459,REP015,T003,2025-07-15,Field Event,Registered,False,False,False,55
ENG000417,CAMP0015,HCP0159,REP027,T003,2025-08-31,Field Event,Opened Content,True,False,False,43
ENG000418,CAMP0015,HCP0291,REP027,T003,2025-06-27,Digital Ad,Downloaded,True,True,False,2
ENG000419,CAMP0015,HCP0291,REP027,T003,2025-06-26,Digital Ad,Downloaded,False,False,False,78
ENG000420,CAMP0015,HCP0159,REP039,T003,2025-07-02,Field Event,Attended,False,False,False,4
ENG000421,CAMP0015,HCP0003,REP015,T003,2025-07-11,Field Event,Attended,True,True,True,41
ENG000422,CAMP0015,HCP0471,REP027,T003,2025-06-30,Field Event,Registered,True,False,True,33
ENG000423,CAMP0015,HCP0327,REP027,T003,2025-07-15,Webinar,Clicked Link,True,False,False,76
ENG000424,CAMP0015,HCP0099,REP039,T003,2025-06-28,Webinar,Attended,False,False,False,10
ENG000425,CAMP0015,HCP0003,REP003,T003,2025-06-28,Digital Ad,Registered,True,True,False,88
ENG000426,CAMP0016,HCP0376,REP016,T004,2026-03-10,Email,Opened Content,False,False,False,54
ENG000427,CAMP0016,HCP0292,REP016,T004,2026-03-19,Email,Registered,True,False,True,90
ENG000428,CAMP0016,HCP0100,REP040,T004,2026-03-20,Webinar,Clicked Link,True,False,False,32
ENG000429,CAMP0016,HCP0112,REP028,T004,2026-03-23,Email,Downloaded,True,True,True,71
ENG000430,CAMP0016,HCP0436,REP028,T004,2026-02-27,Field Event,Registered,True,False,False,91
ENG000431,CAMP0016,HCP0388,REP028,T004,2026-03-11,Email,Clicked Link,True,False,False,16
ENG000432,CAMP0016,HCP0376,REP040,T004,2026-03-31,Field Event,Attended,False,False,True,77
ENG000433,CAMP0016,HCP0100,REP028,T004,2026-03-15,Email,Opened Content,True,False,False,66
ENG000434,CAMP0016,HCP0280,REP040,T004,2026-03-22,Webinar,Attended,True,False,False,81
ENG000435,CAMP0016,HCP0484,REP016,T004,2026-03-10,Field Event,Opened Content,True,False,True,83
ENG000436,CAMP0016,HCP0136,REP028,T004,2026-03-25,Webinar,Registered,True,False,True,21
ENG000437,CAMP0016,HCP0196,REP016,T004,2026-02-22,Digital Ad,Attended,True,False,False,81
ENG000438,CAMP0016,HCP0196,REP004,T004,2026-03-27,Webinar,Attended,True,False,False,79
ENG000439,CAMP0016,HCP0436,REP016,T004,2026-03-24,Field Event,Attended,False,False,False,63
ENG000440,CAMP0016,HCP0280,REP040,T004,2026-03-11,Field Event,Downloaded,True,True,True,48
ENG000441,CAMP0016,HCP0088,REP004,T004,2026-02-23,Webinar,Attended,True,False,False,28
ENG000442,CAMP0016,HCP0340,REP040,T004,2026-02-26,Field Event,Downloaded,True,False,False,94
ENG000443,CAMP0016,HCP0376,REP040,T004,2026-03-02,Webinar,Downloaded,False,False,False,29
ENG000444,CAMP0016,HCP0388,REP004,T004,2026-03-14,Email,Clicked Link,True,True,False,28
ENG000445,CAMP0016,HCP0172,REP016,T004,2026-02-22,Digital Ad,Registered,False,False,True,42
ENG000446,CAMP0016,HCP0388,REP040,T004,2026-03-26,Email,Registered,True,True,False,68
ENG000447,CAMP0016,HCP0280,REP016,T004,2026-03-04,Field Event,Clicked Link,True,False,True,61
ENG000448,CAMP0016,HCP0424,REP004,T004,2026-03-14,Webinar,Registered,True,False,True,55
ENG000449,CAMP0016,HCP0388,REP016,T004,2026-03-31,Email,Registered,True,False,False,61
ENG000450,CAMP0016,HCP0460,REP004,T004,2026-02-19,Webinar,Opened Content,True,True,False,38
ENG000451,CAMP0016,HCP0496,REP016,T004,2026-03-31,Webinar,Attended,False,False,False,59
ENG000452,CAMP0016,HCP0136,REP028,T004,2026-02-19,Webinar,Clicked Link,True,True,False,86
ENG000453,CAMP0017,HCP0437,REP005,T005,2025-10-27,Digital Ad,Downloaded,True,False,True,55
ENG000454,CAMP0017,HCP0161,REP005,T005,2025-11-20,Email,Clicked Link,False,False,True,85
ENG000455,CAMP0017,HCP0101,REP005,T005,2025-11-20,Webinar,Clicked Link,True,False,False,49
ENG000456,CAMP0017,HCP0365,REP017,T005,2025-11-02,Digital Ad,Opened Content,False,False,False,46
ENG000457,CAMP0017,HCP0305,REP017,T005,2025-10-30,Digital Ad,Opened Content,True,False,True,63
ENG000458,CAMP0017,HCP0101,REP005,T005,2025-12-08,Digital Ad,Opened Content,True,True,False,94
ENG000459,CAMP0017,HCP0089,REP017,T005,2025-11-26,Field Event,Registered,True,False,False,65
ENG000460,CAMP0017,HCP0029,REP017,T005,2025-11-22,Digital Ad,Registered,True,False,False,83
ENG000461,CAMP0017,HCP0473,REP005,T005,2025-11-11,Email,Registered,True,True,True,16
ENG000462,CAMP0017,HCP0461,REP017,T005,2025-11-25,Digital Ad,Attended,True,False,False,11
ENG000463,CAMP0017,HCP0017,REP005,T005,2025-11-03,Digital Ad,Downloaded,False,False,False,75
ENG000464,CAMP0017,HCP0221,REP017,T005,2025-11-07,Digital Ad,Registered,True,False,False,35
ENG000465,CAMP0017,HCP0077,REP029,T005,2025-11-21,Email,Attended,True,False,True,26
ENG000466,CAMP0017,HCP0401,REP017,T005,2025-11-12,Webinar,Attended,False,False,False,95
ENG000467,CAMP0017,HCP0293,REP017,T005,2025-12-21,Email,Opened Content,True,True,False,49
ENG000468,CAMP0017,HCP0005,REP005,T005,2025-12-07,Email,Registered,True,False,True,14
ENG000469,CAMP0017,HCP0401,REP017,T005,2025-11-06,Digital Ad,Clicked Link,True,True,False,43
ENG000470,CAMP0017,HCP0425,REP005,T005,2025-11-19,Digital Ad,Clicked Link,True,False,False,75
ENG000471,CAMP0017,HCP0017,REP029,T005,2025-12-12,Digital Ad,Downloaded,False,False,False,68
ENG000472,CAMP0017,HCP0125,REP029,T005,2025-12-21,Email,Opened Content,False,False,False,51
ENG000473,CAMP0017,HCP0029,REP029,T005,2025-11-27,Webinar,Opened Content,False,False,False,77
ENG000474,CAMP0017,HCP0425,REP005,T005,2025-11-10,Field Event,Clicked Link,True,True,True,59
ENG000475,CAMP0017,HCP0221,REP017,T005,2025-11-13,Digital Ad,Registered,False,False,False,91
ENG000476,CAMP0017,HCP0437,REP017,T005,2025-11-23,Digital Ad,Clicked Link,True,True,False,30
ENG000477,CAMP0017,HCP0365,REP005,T005,2025-12-30,Email,Opened Content,True,False,False,71
ENG000478,CAMP0017,HCP0389,REP005,T005,2025-11-03,Digital Ad,Opened Content,True,True,True,28
ENG000479,CAMP0017,HCP0173,REP029,T005,2025-10-24,Digital Ad,Opened Content,True,False,False,45
ENG000480,CAMP0017,HCP0197,REP017,T005,2025-12-13,Webinar,Downloaded,False,False,True,45
ENG000481,CAMP0017,HCP0413,REP017,T005,2025-12-13,Field Event,Clicked Link,False,False,False,43
ENG000482,CAMP0017,HCP0209,REP005,T005,2025-12-31,Email,Downloaded,False,False,False,74
ENG000483,CAMP0018,HCP0126,REP030,T006,2026-03-20,Field Event,Registered,False,False,False,91
ENG000484,CAMP0018,HCP0294,REP030,T006,2026-03-17,Webinar,Registered,True,True,False,71
ENG000485,CAMP0018,HCP0318,REP006,T006,2026-03-05,Webinar,Registered,False,False,False,93
ENG000486,CAMP0018,HCP0210,REP018,T006,2026-05-03,Webinar,Downloaded,False,False,False,85
ENG000487,CAMP0018,HCP0126,REP018,T006,2026-03-21,Webinar,Clicked Link,True,False,False,40
ENG000488,CAMP0018,HCP0162,REP018,T006,2026-04-13,Email,Attended,True,True,False,12
ENG000489,CAMP0018,HCP0222,REP006,T006,2026-04-28,Field Event,Opened Content,True,False,True,56
ENG000490,CAMP0018,HCP0462,REP030,T006,2026-03-25,Webinar,Registered,True,True,False,88
ENG000491,CAMP0018,HCP0270,REP018,T006,2026-03-05,Field Event,Clicked Link,True,True,True,40
ENG000492,CAMP0018,HCP0270,REP030,T006,2026-05-02,Digital Ad,Downloaded,False,False,False,18
ENG000493,CAMP0018,HCP0282,REP018,T006,2026-04-19,Digital Ad,Registered,True,False,False,26
ENG000494,CAMP0018,HCP0282,REP018,T006,2026-05-25,Email,Opened Content,True,True,False,95
ENG000495,CAMP0018,HCP0126,REP018,T006,2026-04-12,Digital Ad,Attended,True,False,True,92
ENG000496,CAMP0018,HCP0054,REP018,T006,2026-03-02,Webinar,Attended,True,False,False,73
ENG000497,CAMP0018,HCP0210,REP006,T006,2026-02-24,Digital Ad,Downloaded,True,False,False,54
ENG000498,CAMP0018,HCP0282,REP006,T006,2026-05-22,Field Event,Opened Content,True,True,True,68
ENG000499,CAMP0018,HCP0294,REP018,T006,2026-05-04,Field Event,Opened Content,True,True,False,88
ENG000500,CAMP0018,HCP0090,REP006,T006,2026-04-24,Digital Ad,Clicked Link,False,False,False,47
ENG000501,CAMP0019,HCP0367,REP019,T007,2026-02-12,Webinar,Registered,False,False,False,100
ENG000502,CAMP0019,HCP0127,REP019,T007,2026-01-20,Digital Ad,Downloaded,True,True,True,94
ENG000503,CAMP0019,HCP0475,REP031,T007,2026-03-02,Email,Clicked Link,False,False,True,27
ENG000504,CAMP0019,HCP0043,REP031,T007,2026-03-13,Digital Ad,Downloaded,True,True,False,5
ENG000505,CAMP0019,HCP0187,REP019,T007,2025-12-04,Field Event,Opened Content,True,False,False,36
ENG000506,CAMP0019,HCP0247,REP031,T007,2026-02-16,Webinar,Registered,True,True,False,3
ENG000507,CAMP0019,HCP0451,REP019,T007,2026-01-16,Field Event,Attended,False,False,False,20
ENG000508,CAMP0019,HCP0475,REP007,T007,2026-01-06,Webinar,Opened Content,True,False,True,59
ENG000509,CAMP0019,HCP0235,REP031,T007,2026-02-21,Digital Ad,Registered,True,False,True,75
ENG000510,CAMP0019,HCP0343,REP019,T007,2025-12-04,Digital Ad,Opened Content,True,False,False,100
ENG000511,CAMP0019,HCP0067,REP031,T007,2026-03-10,Field Event,Attended,False,False,False,1
ENG000512,CAMP0019,HCP0115,REP019,T007,2026-02-28,Field Event,Clicked Link,False,False,True,54
ENG000513,CAMP0019,HCP0307,REP019,T007,2025-12-17,Email,Clicked Link,False,False,False,38
ENG000514,CAMP0019,HCP0259,REP019,T007,2026-01-13,Field Event,Registered,False,False,False,22
ENG000515,CAMP0019,HCP0235,REP007,T007,2026-01-15,Digital Ad,Opened Content,True,True,False,21
ENG000516,CAMP0019,HCP0139,REP031,T007,2026-01-28,Webinar,Attended,True,False,False,23
ENG000517,CAMP0019,HCP0307,REP031,T007,2025-12-03,Digital Ad,Attended,False,False,False,83
ENG000518,CAMP0019,HCP0151,REP019,T007,2026-02-12,Field Event,Clicked Link,True,False,False,46
ENG000519,CAMP0019,HCP0403,REP007,T007,2026-01-10,Webinar,Opened Content,False,False,False,38
ENG000520,CAMP0019,HCP0043,REP007,T007,2026-02-24,Field Event,Clicked Link,True,False,False,97
ENG000521,CAMP0019,HCP0451,REP007,T007,2025-12-11,Email,Registered,True,False,False,96
ENG000522,CAMP0019,HCP0343,REP019,T007,2025-12-06,Field Event,Downloaded,True,False,False,34
ENG000523,CAMP0019,HCP0247,REP007,T007,2025-12-27,Webinar,Clicked Link,True,True,False,82
ENG000524,CAMP0019,HCP0019,REP019,T007,2026-03-06,Email,Downloaded,True,True,True,100
ENG000525,CAMP0019,HCP0259,REP007,T007,2026-01-29,Field Event,Downloaded,True,False,False,2
ENG000526,CAMP0019,HCP0391,REP031,T007,2026-02-02,Email,Opened Content,True,False,True,67
ENG000527,CAMP0020,HCP0368,REP008,T008,2025-02-24,Email,Registered,True,True,False,1
ENG000528,CAMP0020,HCP0116,REP032,T008,2025-01-19,Field Event,Registered,False,False,False,74
ENG000529,CAMP0020,HCP0248,REP032,T008,2025-02-21,Email,Clicked Link,True,False,False,65
ENG000530,CAMP0020,HCP0368,REP020,T008,2024-12-30,Field Event,Attended,True,True,False,9
ENG000531,CAMP0020,HCP0224,REP020,T008,2025-01-16,Digital Ad,Opened Content,False,False,False,17
ENG000532,CAMP0020,HCP0368,REP020,T008,2025-02-16,Webinar,Registered,False,False,False,29
ENG000533,CAMP0020,HCP0248,REP008,T008,2025-01-18,Webinar,Attended,True,False,False,32
ENG000534,CAMP0020,HCP0464,REP032,T008,2025-02-07,Email,Opened Content,False,False,False,7
ENG000535,CAMP0020,HCP0248,REP020,T008,2025-01-31,Digital Ad,Opened Content,True,False,False,60
ENG000536,CAMP0020,HCP0368,REP020,T008,2025-01-10,Email,Attended,True,True,False,14
ENG000537,CAMP0020,HCP0224,REP032,T008,2025-01-08,Webinar,Registered,False,False,False,66
ENG000538,CAMP0020,HCP0116,REP008,T008,2025-02-26,Webinar,Attended,True,False,True,2
ENG000539,CAMP0020,HCP0368,REP008,T008,2025-01-27,Webinar,Registered,False,False,False,58
ENG000540,CAMP0020,HCP0116,REP032,T008,2025-01-21,Field Event,Downloaded,True,False,False,89
ENG000541,CAMP0020,HCP0224,REP008,T008,2025-01-22,Email,Attended,True,False,False,25
ENG000542,CAMP0020,HCP0224,REP020,T008,2025-02-12,Webinar,Registered,False,False,False,20
ENG000543,CAMP0020,HCP0464,REP008,T008,2025-01-19,Webinar,Registered,True,False,False,43
ENG000544,CAMP0020,HCP0260,REP020,T008,2025-01-24,Field Event,Opened Content,True,False,False,58
ENG000545,CAMP0020,HCP0248,REP020,T008,2025-02-16,Email,Attended,True,False,False,59
ENG000546,CAMP0020,HCP0248,REP008,T008,2025-01-28,Digital Ad,Registered,True,False,False,54
ENG000547,CAMP0020,HCP0116,REP032,T008,2025-02-24,Webinar,Registered,True,False,False,5
ENG000548,CAMP0020,HCP0368,REP008,T008,2025-02-01,Webinar,Registered,False,False,True,48
ENG000549,CAMP0020,HCP0248,REP008,T008,2025-01-27,Email,Registered,True,False,False,86
ENG000550,CAMP0020,HCP0296,REP032,T008,2025-02-13,Email,Clicked Link,False,False,False,75
ENG000551,CAMP0020,HCP0248,REP008,T008,2025-02-23,Email,Registered,True,True,False,90
ENG000552,CAMP0020,HCP0464,REP032,T008,2025-02-14,Field Event,Registered,True,False,False,76
ENG000553,CAMP0020,HCP0296,REP032,T008,2025-01-16,Field Event,Attended,True,False,False,40
ENG000554,CAMP0020,HCP0224,REP032,T008,2025-02-15,Digital Ad,Downloaded,False,False,False,15
ENG000555,CAMP0020,HCP0224,REP032,T008,2025-01-20,Digital Ad,Opened Content,True,False,True,5
ENG000556,CAMP0020,HCP0068,REP032,T008,2025-01-07,Digital Ad,Clicked Link,False,False,False,27
ENG000557,CAMP0020,HCP0296,REP020,T008,2024-12-28,Email,Downloaded,True,True,False,50
ENG000558,CAMP0020,HCP0248,REP032,T008,2025-02-14,Webinar,Registered,True,True,True,27
ENG000559,CAMP0020,HCP0464,REP020,T008,2025-01-08,Webinar,Opened Content,False,False,False,45
ENG000560,CAMP0020,HCP0068,REP032,T008,2025-02-13,Webinar,Downloaded,True,True,False,95
ENG000561,CAMP0021,HCP0429,REP033,T009,2025-05-19,Email,Downloaded,True,False,False,92
ENG000562,CAMP0021,HCP0381,REP033,T009,2025-06-25,Digital Ad,Attended,True,True,True,31
ENG000563,CAMP0021,HCP0201,REP033,T009,2025-06-22,Email,Opened Content,True,True,False,93
ENG000564,CAMP0021,HCP0033,REP021,T009,2025-07-17,Field Event,Opened Content,True,True,False,90
ENG000565,CAMP0021,HCP0225,REP009,T009,2025-06-10,Digital Ad,Opened Content,False,False,False,40
ENG000566,CAMP0021,HCP0201,REP021,T009,2025-06-13,Email,Downloaded,True,False,False,74
ENG000567,CAMP0021,HCP0225,REP009,T009,2025-06-17,Email,Attended,True,False,True,34
ENG000568,CAMP0021,HCP0225,REP009,T009,2025-06-25,Field Event,Clicked Link,False,False,True,39
ENG000569,CAMP0021,HCP0237,REP009,T009,2025-06-30,Webinar,Clicked Link,False,False,False,57
ENG000570,CAMP0021,HCP0021,REP033,T009,2025-06-05,Field Event,Registered,False,False,True,53
ENG000571,CAMP0021,HCP0081,REP033,T009,2025-07-08,Digital Ad,Attended,False,False,False,74
ENG000572,CAMP0021,HCP0201,REP009,T009,2025-05-16,Digital Ad,Clicked Link,False,False,False,66
ENG000573,CAMP0021,HCP0081,REP021,T009,2025-06-24,Field Event,Registered,True,False,True,2
ENG000574,CAMP0021,HCP0069,REP033,T009,2025-06-01,Webinar,Clicked Link,False,False,False,71
ENG000575,CAMP0021,HCP0081,REP021,T009,2025-06-22,Field Event,Downloaded,False,False,False,82
ENG000576,CAMP0021,HCP0381,REP009,T009,2025-05-27,Webinar,Opened Content,True,True,False,28
ENG000577,CAMP0021,HCP0393,REP021,T009,2025-05-18,Digital Ad,Registered,False,False,False,43
ENG000578,CAMP0021,HCP0141,REP009,T009,2025-06-06,Digital Ad,Opened Content,False,False,True,16
ENG000579,CAMP0021,HCP0069,REP009,T009,2025-06-04,Webinar,Clicked Link,True,True,False,32
ENG000580,CAMP0021,HCP0357,REP033,T009,2025-06-27,Field Event,Downloaded,True,False,False,33
ENG000581,CAMP0021,HCP0321,REP033,T009,2025-07-07,Field Event,Opened Content,True,True,False,90
ENG000582,CAMP0021,HCP0357,REP033,T009,2025-07-08,Webinar,Opened Content,True,True,False,3
ENG000583,CAMP0021,HCP0057,REP021,T009,2025-07-11,Digital Ad,Opened Content,False,False,True,52
ENG000584,CAMP0021,HCP0081,REP021,T009,2025-07-16,Field Event,Opened Content,True,False,False,31
ENG000585,CAMP0021,HCP0237,REP033,T009,2025-07-03,Webinar,Clicked Link,True,False,False,93
ENG000586,CAMP0021,HCP0033,REP021,T009,2025-06-23,Webinar,Opened Content,True,False,False,67
ENG000587,CAMP0021,HCP0057,REP021,T009,2025-06-08,Digital Ad,Registered,False,False,False,24
ENG000588,CAMP0021,HCP0033,REP021,T009,2025-05-16,Webinar,Opened Content,True,False,True,30
ENG000589,CAMP0021,HCP0393,REP009,T009,2025-07-06,Webinar,Clicked Link,True,True,False,17
ENG000590,CAMP0021,HCP0069,REP021,T009,2025-06-23,Webinar,Attended,True,False,True,31
ENG000591,CAMP0021,HCP0069,REP009,T009,2025-05-19,Email,Downloaded,True,False,False,84
ENG000592,CAMP0021,HCP0429,REP009,T009,2025-05-29,Email,Downloaded,False,False,False,36
ENG000593,CAMP0021,HCP0057,REP033,T009,2025-05-08,Webinar,Attended,True,True,True,20
ENG000594,CAMP0021,HCP0213,REP021,T009,2025-06-04,Digital Ad,Registered,True,False,False,65
ENG000595,CAMP0021,HCP0213,REP033,T009,2025-05-05,Field Event,Downloaded,True,False,False,80
ENG000596,CAMP0021,HCP0201,REP033,T009,2025-05-14,Digital Ad,Clicked Link,True,False,False,97
ENG000597,CAMP0022,HCP0442,REP022,T010,2025-02-18,Webinar,Registered,True,False,False,89
ENG000598,CAMP0022,HCP0478,REP010,T010,2025-02-13,Webinar,Opened Content,False,False,False,43
ENG000599,CAMP0022,HCP0298,REP010,T010,2025-02-12,Webinar,Opened Content,False,False,False,34
ENG000600,CAMP0022,HCP0130,REP034,T010,2025-01-16,Email,Registered,True,False,False,50
ENG000601,CAMP0022,HCP0130,REP010,T010,2025-01-20,Field Event,Opened Content,True,True,False,59
ENG000602,CAMP0022,HCP0178,REP010,T010,2025-03-01,Email,Opened Content,False,False,False,77
ENG000603,CAMP0022,HCP0058,REP022,T010,2025-01-16,Email,Opened Content,True,False,False,79
ENG000604,CAMP0022,HCP0430,REP022,T010,2025-02-11,Email,Attended,False,False,True,49
ENG000605,CAMP0022,HCP0466,REP034,T010,2025-01-19,Webinar,Downloaded,True,True,False,74
ENG000606,CAMP0022,HCP0334,REP034,T010,2025-01-16,Email,Opened Content,True,False,False,3
ENG000607,CAMP0022,HCP0058,REP022,T010,2025-01-17,Webinar,Registered,True,True,False,46
ENG000608,CAMP0022,HCP0394,REP034,T010,2025-02-28,Field Event,Clicked Link,True,False,False,89
ENG000609,CAMP0022,HCP0274,REP034,T010,2025-02-13,Digital Ad,Attended,True,False,True,46
ENG000610,CAMP0022,HCP0238,REP010,T010,2025-01-20,Webinar,Registered,True,True,False,17
ENG000611,CAMP0022,HCP0382,REP010,T010,2025-01-24,Webinar,Registered,True,True,False,34
ENG000612,CAMP0022,HCP0250,REP010,T010,2025-02-01,Webinar,Clicked Link,True,False,True,65
ENG000613,CAMP0022,HCP0166,REP022,T010,2025-01-22,Webinar,Opened Content,True,False,False,27
ENG000614,CAMP0022,HCP0430,REP010,T010,2025-01-22,Webinar,Clicked Link,True,False,False,51
ENG000615,CAMP0022,HCP0082,REP010,T010,2025-02-10,Field Event,Registered,True,False,False,67
ENG000616,CAMP0022,HCP0298,REP010,T010,2025-01-27,Field Event,Downloaded,True,False,True,69
ENG000617,CAMP0022,HCP0334,REP034,T010,2025-02-23,Digital Ad,Attended,True,True,False,90
ENG000618,CAMP0022,HCP0010,REP034,T010,2025-01-26,Webinar,Registered,False,False,False,46
ENG000619,CAMP0022,HCP0226,REP022,T010,2025-02-13,Field Event,Attended,True,False,False,55
ENG000620,CAMP0022,HCP0454,REP022,T010,2025-02-04,Digital Ad,Registered,True,False,False,18
ENG000621,CAMP0022,HCP0130,REP022,T010,2025-01-19,Webinar,Registered,True,False,False,89
ENG000622,CAMP0022,HCP0190,REP010,T010,2025-02-09,Digital Ad,Registered,True,False,False,93
ENG000623,CAMP0022,HCP0346,REP022,T010,2025-01-17,Field Event,Clicked Link,False,False,False,77
ENG000624,CAMP0022,HCP0358,REP034,T010,2025-01-21,Field Event,Opened Content,True,False,False,49
ENG000625,CAMP0022,HCP0262,REP022,T010,2025-01-29,Field Event,Registered,True,False,True,10
ENG000626,CAMP0022,HCP0490,REP010,T010,2025-02-16,Email,Registered,True,False,False,57
ENG000627,CAMP0022,HCP0226,REP010,T010,2025-01-17,Email,Registered,True,False,False,55
ENG000628,CAMP0022,HCP0022,REP010,T010,2025-02-27,Field Event,Clicked Link,True,False,False,34
ENG000629,CAMP0022,HCP0214,REP034,T010,2025-02-23,Field Event,Registered,True,True,False,76
ENG000630,CAMP0022,HCP0286,REP022,T010,2025-02-07,Digital Ad,Clicked Link,True,False,False,95
ENG000631,CAMP0022,HCP0466,REP010,T010,2025-02-21,Digital Ad,Downloaded,False,False,False,28
ENG000632,CAMP0022,HCP0166,REP010,T010,2025-01-26,Digital Ad,Opened Content,True,True,False,92
ENG000633,CAMP0022,HCP0226,REP034,T010,2025-02-09,Email,Downloaded,True,False,False,46
ENG000634,CAMP0022,HCP0094,REP034,T010,2025-01-24,Email,Attended,False,False,False,51
ENG000635,CAMP0022,HCP0298,REP034,T010,2025-01-26,Email,Registered,True,True,False,35
ENG000636,CAMP0022,HCP0478,REP034,T010,2025-02-24,Digital Ad,Opened Content,True,True,False,62
ENG000637,CAMP0023,HCP0155,REP023,T011,2025-04-01,Field Event,Opened Content,True,False,False,82
ENG000638,CAMP0023,HCP0383,REP011,T011,2025-03-08,Field Event,Clicked Link,True,False,False,20
ENG000639,CAMP0023,HCP0287,REP011,T011,2025-03-24,Webinar,Registered,True,True,False,2
ENG000640,CAMP0023,HCP0275,REP035,T011,2025-03-31,Digital Ad,Opened Content,True,True,True,13
ENG000641,CAMP0023,HCP0155,REP023,T011,2025-03-08,Webinar,Clicked Link,True,True,False,5
ENG000642,CAMP0023,HCP0227,REP035,T011,2025-02-07,Digital Ad,Registered,True,False,False,97
ENG000643,CAMP0023,HCP0311,REP035,T011,2025-04-06,Email,Registered,True,False,False,59
ENG000644,CAMP0023,HCP0155,REP011,T011,2025-04-08,Field Event,Opened Content,True,False,False,33
ENG000645,CAMP0023,HCP0275,REP011,T011,2025-04-11,Webinar,Attended,True,False,True,38
ENG000646,CAMP0023,HCP0155,REP035,T011,2025-03-02,Digital Ad,Registered,True,False,False,51
ENG000647,CAMP0023,HCP0383,REP035,T011,2025-03-09,Digital Ad,Registered,False,False,False,75
ENG000648,CAMP0023,HCP0311,REP023,T011,2025-03-06,Webinar,Opened Content,True,False,False,28
ENG000649,CAMP0023,HCP0155,REP023,T011,2025-02-27,Webinar,Downloaded,True,True,False,39
ENG000650,CAMP0023,HCP0227,REP011,T011,2025-03-18,Webinar,Registered,False,False,False,16
ENG000651,CAMP0023,HCP0383,REP011,T011,2025-02-17,Digital Ad,Attended,False,False,False,51
ENG000652,CAMP0023,HCP0155,REP023,T011,2025-03-06,Digital Ad,Downloaded,True,True,False,4
ENG000653,CAMP0023,HCP0311,REP035,T011,2025-03-24,Digital Ad,Attended,False,False,False,85
ENG000654,CAMP0023,HCP0155,REP035,T011,2025-03-22,Digital Ad,Registered,True,True,False,97
ENG000655,CAMP0023,HCP0275,REP035,T011,2025-02-12,Field Event,Attended,False,False,False,28
ENG000656,CAMP0023,HCP0227,REP035,T011,2025-03-16,Digital Ad,Downloaded,True,False,True,42
ENG000657,CAMP0023,HCP0275,REP035,T011,2025-03-15,Email,Opened Content,True,False,True,80
ENG000658,CAMP0023,HCP0311,REP023,T011,2025-02-02,Email,Registered,True,False,False,23
ENG000659,CAMP0024,HCP0264,REP012,T012,2026-01-28,Field Event,Clicked Link,False,False,True,15
ENG000660,CAMP0024,HCP0180,REP012,T012,2026-02-13,Digital Ad,Registered,True,True,False,25
ENG000661,CAMP0024,HCP0420,REP036,T012,2026-01-16,Field Event,Attended,True,False,False,100
ENG000662,CAMP0024,HCP0480,REP024,T012,2026-01-08,Digital Ad,Opened Content,True,True,True,50
ENG000663,CAMP0024,HCP0264,REP036,T012,2026-03-04,Webinar,Attended,False,False,True,98
ENG000664,CAMP0024,HCP0036,REP036,T012,2026-02-12,Webinar,Attended,True,False,False,25
ENG000665,CAMP0024,HCP0036,REP036,T012,2026-03-06,Webinar,Opened Content,True,False,False,51
ENG000666,CAMP0024,HCP0420,REP024,T012,2026-02-28,Webinar,Registered,True,True,False,16
ENG000667,CAMP0024,HCP0072,REP012,T012,2026-03-05,Webinar,Clicked Link,False,False,True,91
ENG000668,CAMP0024,HCP0180,REP012,T012,2026-03-03,Webinar,Downloaded,True,False,False,48
ENG000669,CAMP0024,HCP0180,REP036,T012,2026-04-01,Email,Attended,True,True,False,90
ENG000670,CAMP0024,HCP0072,REP024,T012,2026-03-03,Field Event,Opened Content,False,False,False,95
ENG000671,CAMP0024,HCP0072,REP024,T012,2026-02-03,Field Event,Registered,True,False,True,41
ENG000672,CAMP0024,HCP0180,REP012,T012,2026-02-02,Digital Ad,Clicked Link,True,True,False,53
ENG000673,CAMP0024,HCP0180,REP036,T012,2026-01-09,Email,Opened Content,True,False,False,22
ENG000674,CAMP0024,HCP0036,REP036,T012,2026-03-14,Email,Downloaded,True,False,False,73
ENG000675,CAMP0024,HCP0072,REP036,T012,2026-01-25,Email,Opened Content,True,False,False,34
ENG000676,CAMP0024,HCP0468,REP024,T012,2026-04-07,Digital Ad,Opened Content,False,False,False,23
ENG000677,CAMP0024,HCP0408,REP012,T012,2026-02-27,Webinar,Clicked Link,True,False,False,74
ENG000678,CAMP0024,HCP0168,REP036,T012,2026-01-05,Webinar,Attended,True,True,False,24
ENG000679,CAMP0024,HCP0036,REP012,T012,2026-01-08,Webinar,Opened Content,True,False,False,29
ENG000680,CAMP0024,HCP0408,REP024,T012,2026-01-19,Webinar,Attended,False,False,False,68
ENG000681,CAMP0024,HCP0168,REP012,T012,2026-03-05,Webinar,Downloaded,False,False,False,5
ENG000682,CAMP0024,HCP0408,REP024,T012,2026-02-28,Webinar,Opened Content,True,False,False,40
ENG000683,CAMP0024,HCP0468,REP024,T012,2026-01-16,Field Event,Registered,False,False,True,91
ENG000684,CAMP0024,HCP0036,REP024,T012,2026-02-25,Field Event,Registered,True,False,True,54
ENG000685,CAMP0024,HCP0480,REP024,T012,2026-02-26,Webinar,Opened Content,True,True,False,45
ENG000686,CAMP0024,HCP0360,REP024,T012,2026-01-03,Digital Ad,Clicked Link,True,True,False,86
ENG000687,CAMP0024,HCP0168,REP012,T012,2026-03-11,Digital Ad,Downloaded,False,False,False,86
ENG000688,CAMP0024,HCP0360,REP012,T012,2026-02-13,Email,Clicked Link,False,False,False,97
ENG000689,CAMP0024,HCP0420,REP012,T012,2026-02-10,Field Event,Downloaded,True,True,False,35
ENG000690,CAMP0024,HCP0180,REP036,T012,2026-02-27,Email,Opened Content,True,False,False,30
ENG000691,CAMP0024,HCP0072,REP012,T012,2026-02-05,Field Event,Registered,True,False,False,26
ENG000692,CAMP0024,HCP0420,REP036,T012,2026-02-09,Digital Ad,Downloaded,True,False,False,45
ENG000693,CAMP0024,HCP0264,REP024,T012,2026-01-21,Webinar,Opened Content,True,False,True,53
ENG000694,CAMP0024,HCP0420,REP012,T012,2026-02-05,Email,Registered,True,False,False,51
ENG000695,CAMP0024,HCP0168,REP036,T012,2026-03-12,Digital Ad,Downloaded,True,True,False,97
ENG000696,CAMP0024,HCP0264,REP036,T012,2026-03-03,Digital Ad,Registered,True,False,False,29
ENG000697,CAMP0025,HCP0049,REP037,T001,2025-05-12,Webinar,Downloaded,False,False,False,72
ENG000698,CAMP0025,HCP0085,REP037,T001,2025-05-03,Webinar,Attended,True,True,True,63
ENG000699,CAMP0025,HCP0181,REP025,T001,2025-04-16,Email,Attended,True,False,False,24
ENG000700,CAMP0025,HCP0181,REP037,T001,2025-05-09,Field Event,Attended,True,False,False,50
ENG000701,CAMP0025,HCP0133,REP013,T001,2025-06-04,Webinar,Opened Content,True,False,False,6
ENG000702,CAMP0025,HCP0409,REP025,T001,2025-04-17,Field Event,Registered,True,True,False,98
ENG000703,CAMP0025,HCP0469,REP037,T001,2025-04-16,Email,Clicked Link,True,False,False,49
ENG000704,CAMP0025,HCP0265,REP025,T001,2025-05-23,Field Event,Opened Content,False,False,False,74
ENG000705,CAMP0025,HCP0469,REP013,T001,2025-06-16,Email,Downloaded,True,False,True,98
ENG000706,CAMP0025,HCP0265,REP025,T001,2025-06-18,Digital Ad,Registered,True,False,False,99
ENG000707,CAMP0025,HCP0277,REP025,T001,2025-06-11,Email,Downloaded,True,True,False,85
ENG000708,CAMP0025,HCP0073,REP037,T001,2025-04-21,Webinar,Downloaded,True,True,False,41
ENG000709,CAMP0025,HCP0289,REP013,T001,2025-06-08,Email,Opened Content,False,False,True,13
ENG000710,CAMP0025,HCP0409,REP025,T001,2025-06-24,Field Event,Opened Content,True,True,True,32
ENG000711,CAMP0025,HCP0001,REP037,T001,2025-05-09,Digital Ad,Downloaded,False,False,False,49
ENG000712,CAMP0025,HCP0289,REP025,T001,2025-05-01,Email,Registered,True,False,True,99
ENG000713,CAMP0025,HCP0133,REP025,T001,2025-06-13,Email,Opened Content,False,False,True,94
ENG000714,CAMP0025,HCP0085,REP037,T001,2025-05-15,Webinar,Attended,True,True,False,31
ENG000715,CAMP0026,HCP0206,REP002,T002,2025-03-22,Email,Downloaded,True,True,True,44
ENG000716,CAMP0026,HCP0098,REP038,T002,2025-03-23,Email,Downloaded,True,True,False,64
ENG000717,CAMP0026,HCP0470,REP026,T002,2025-03-29,Webinar,Clicked Link,False,False,False,1
ENG000718,CAMP0026,HCP0374,REP014,T002,2025-03-16,Webinar,Downloaded,True,False,False,17
ENG000719,CAMP0026,HCP0278,REP002,T002,2025-03-15,Digital Ad,Downloaded,True,True,True,48
ENG000720,CAMP0026,HCP0206,REP038,T002,2025-03-31,Digital Ad,Downloaded,True,False,True,68
ENG000721,CAMP0026,HCP0074,REP014,T002,2025-03-25,Field Event,Clicked Link,True,False,False,61
ENG000722,CAMP0026,HCP0314,REP014,T002,2025-03-22,Field Event,Clicked Link,True,False,True,99
ENG000723,CAMP0026,HCP0434,REP026,T002,2025-03-22,Digital Ad,Attended,True,False,False,38
ENG000724,CAMP0026,HCP0218,REP026,T002,2025-03-06,Field Event,Attended,False,False,False,80
ENG000725,CAMP0026,HCP0446,REP014,T002,2025-03-12,Webinar,Attended,True,False,False,43
ENG000726,CAMP0026,HCP0470,REP014,T002,2025-03-07,Digital Ad,Opened Content,True,False,False,43
ENG000727,CAMP0026,HCP0002,REP014,T002,2025-03-31,Digital Ad,Attended,True,False,False,48
ENG000728,CAMP0026,HCP0374,REP026,T002,2025-03-22,Webinar,Downloaded,True,False,False,78
ENG000729,CAMP0026,HCP0206,REP014,T002,2025-03-20,Webinar,Downloaded,True,False,False,78
ENG000730,CAMP0026,HCP0326,REP026,T002,2025-03-09,Webinar,Downloaded,False,False,False,4
ENG000731,CAMP0026,HCP0134,REP002,T002,2025-03-30,Field Event,Attended,True,False,False,62
ENG000732,CAMP0026,HCP0134,REP026,T002,2025-03-14,Field Event,Attended,True,False,False,95
ENG000733,CAMP0026,HCP0146,REP038,T002,2025-03-25,Digital Ad,Clicked Link,False,False,False,54
ENG000734,CAMP0026,HCP0050,REP026,T002,2025-03-13,Email,Opened Content,True,False,True,78
ENG000735,CAMP0026,HCP0398,REP026,T002,2025-03-20,Email,Clicked Link,True,False,False,7
ENG000736,CAMP0026,HCP0062,REP026,T002,2025-03-09,Webinar,Registered,False,False,False,56
ENG000737,CAMP0026,HCP0254,REP014,T002,2025-03-09,Field Event,Downloaded,True,True,False,13
ENG000738,CAMP0026,HCP0158,REP038,T002,2025-03-14,Field Event,Attended,False,False,False,43
ENG000739,CAMP0026,HCP0158,REP038,T002,2025-03-10,Digital Ad,Opened Content,True,True,False,60
ENG000740,CAMP0026,HCP0218,REP026,T002,2025-03-06,Field Event,Clicked Link,True,True,False,57
ENG000741,CAMP0026,HCP0266,REP026,T002,2025-03-30,Digital Ad,Opened Content,False,False,False,58
ENG000742,CAMP0026,HCP0122,REP014,T002,2025-03-06,Field Event,Clicked Link,False,False,False,67
ENG000743,CAMP0026,HCP0386,REP026,T002,2025-03-28,Email,Opened Content,True,True,False,9
ENG000744,CAMP0026,HCP0302,REP002,T002,2025-03-19,Digital Ad,Attended,True,True,False,75
ENG000745,CAMP0027,HCP0159,REP003,T003,2026-05-25,Webinar,Registered,False,False,False,86
ENG000746,CAMP0027,HCP0027,REP015,T003,2026-05-13,Field Event,Registered,True,True,False,52
ENG000747,CAMP0027,HCP0471,REP015,T003,2026-05-18,Field Event,Clicked Link,False,False,True,6
ENG000748,CAMP0027,HCP0003,REP003,T003,2026-04-23,Field Event,Opened Content,True,False,False,85
ENG000749,CAMP0027,HCP0159,REP003,T003,2026-04-03,Field Event,Registered,False,False,False,12
ENG000750,CAMP0027,HCP0219,REP003,T003,2026-03-16,Digital Ad,Registered,True,False,False,8
ENG000751,CAMP0027,HCP0459,REP039,T003,2026-04-11,Email,Registered,True,False,True,10
ENG000752,CAMP0027,HCP0219,REP003,T003,2026-04-21,Webinar,Opened Content,True,True,False,25
ENG000753,CAMP0027,HCP0471,REP039,T003,2026-04-26,Email,Opened Content,False,False,False,21
ENG000754,CAMP0027,HCP0327,REP039,T003,2026-05-02,Digital Ad,Opened Content,False,False,False,97
ENG000755,CAMP0027,HCP0387,REP027,T003,2026-04-09,Digital Ad,Opened Content,False,False,False,64
ENG000756,CAMP0027,HCP0291,REP015,T003,2026-04-17,Field Event,Clicked Link,True,False,False,100
ENG000757,CAMP0027,HCP0027,REP039,T003,2026-05-25,Digital Ad,Registered,True,False,False,93
ENG000758,CAMP0027,HCP0459,REP003,T003,2026-04-22,Field Event,Clicked Link,True,False,True,71
ENG000759,CAMP0027,HCP0387,REP027,T003,2026-05-01,Webinar,Registered,True,True,False,56
ENG000760,CAMP0027,HCP0003,REP015,T003,2026-05-22,Email,Attended,False,False,True,21
ENG000761,CAMP0027,HCP0291,REP015,T003,2026-04-07,Digital Ad,Attended,True,False,True,91
ENG000762,CAMP0027,HCP0327,REP015,T003,2026-03-23,Email,Attended,True,False,False,12
ENG000763,CAMP0027,HCP0003,REP039,T003,2026-05-18,Webinar,Downloaded,False,False,True,56
ENG000764,CAMP0027,HCP0219,REP003,T003,2026-05-04,Digital Ad,Attended,True,False,False,3
ENG000765,CAMP0027,HCP0471,REP015,T003,2026-04-12,Field Event,Clicked Link,False,False,False,43
ENG000766,CAMP0027,HCP0159,REP039,T003,2026-04-14,Email,Clicked Link,True,True,True,82
ENG000767,CAMP0027,HCP0003,REP039,T003,2026-04-21,Field Event,Opened Content,False,False,False,43
ENG000768,CAMP0027,HCP0459,REP039,T003,2026-04-05,Digital Ad,Attended,False,False,False,18
ENG000769,CAMP0027,HCP0003,REP039,T003,2026-03-29,Digital Ad,Downloaded,True,False,False,77
ENG000770,CAMP0027,HCP0327,REP039,T003,2026-03-29,Digital Ad,Registered,True,True,True,48
ENG000771,CAMP0027,HCP0291,REP003,T003,2026-04-26,Email,Clicked Link,False,False,True,15
ENG000772,CAMP0027,HCP0387,REP039,T003,2026-03-17,Email,Registered,False,False,True,94
ENG000773,CAMP0027,HCP0387,REP015,T003,2026-05-23,Digital Ad,Attended,True,False,False,39
ENG000774,CAMP0027,HCP0003,REP027,T003,2026-04-02,Email,Opened Content,True,True,True,70
ENG000775,CAMP0027,HCP0219,REP039,T003,2026-05-09,Email,Clicked Link,True,False,False,54
ENG000776,CAMP0027,HCP0291,REP039,T003,2026-04-02,Digital Ad,Attended,True,True,False,77
ENG000777,CAMP0027,HCP0291,REP039,T003,2026-05-12,Field Event,Clicked Link,False,False,False,22
ENG000778,CAMP0027,HCP0327,REP027,T003,2026-03-27,Webinar,Downloaded,True,True,False,74
ENG000779,CAMP0027,HCP0099,REP015,T003,2026-04-02,Webinar,Registered,True,True,False,73
ENG000780,CAMP0027,HCP0291,REP015,T003,2026-03-20,Webinar,Attended,True,True,False,14
ENG000781,CAMP0027,HCP0159,REP039,T003,2026-04-12,Email,Attended,True,True,True,85
ENG000782,CAMP0027,HCP0459,REP003,T003,2026-04-03,Field Event,Opened Content,True,False,False,53
ENG000783,CAMP0027,HCP0027,REP015,T003,2026-05-11,Digital Ad,Attended,False,False,False,46
ENG000784,CAMP0028,HCP0316,REP028,T004,2026-03-25,Digital Ad,Clicked Link,True,False,False,18
ENG000785,CAMP0028,HCP0484,REP040,T004,2026-04-12,Field Event,Clicked Link,True,False,False,52
ENG000786,CAMP0028,HCP0040,REP028,T004,2026-03-25,Field Event,Registered,False,False,True,46
ENG000787,CAMP0028,HCP0100,REP028,T004,2026-03-29,Field Event,Clicked Link,False,False,False,60
ENG000788,CAMP0028,HCP0496,REP028,T004,2026-04-30,Webinar,Attended,True,False,True,76
ENG000789,CAMP0028,HCP0376,REP040,T004,2026-04-28,Digital Ad,Clicked Link,True,False,False,13
ENG000790,CAMP0028,HCP0496,REP004,T004,2026-04-08,Webinar,Downloaded,False,False,True,78
ENG000791,CAMP0028,HCP0184,REP004,T004,2026-04-10,Webinar,Registered,True,False,False,68
ENG000792,CAMP0028,HCP0496,REP028,T004,2026-04-22,Webinar,Opened Content,True,True,True,22
ENG000793,CAMP0028,HCP0316,REP016,T004,2026-04-15,Email,Downloaded,True,True,True,8
ENG000794,CAMP0028,HCP0280,REP004,T004,2026-04-03,Webinar,Attended,True,True,False,56
ENG000795,CAMP0028,HCP0196,REP016,T004,2026-04-25,Digital Ad,Opened Content,True,False,False,73
ENG000796,CAMP0028,HCP0436,REP004,T004,2026-04-07,Webinar,Clicked Link,True,False,False,38
ENG000797,CAMP0028,HCP0292,REP016,T004,2026-04-05,Webinar,Registered,True,False,False,9
ENG000798,CAMP0028,HCP0340,REP028,T004,2026-04-26,Digital Ad,Attended,False,False,False,88
ENG000799,CAMP0028,HCP0436,REP016,T004,2026-04-10,Webinar,Registered,True,True,False,43
ENG000800,CAMP0028,HCP0184,REP004,T004,2026-04-14,Email,Registered,True,True,False,40
ENG000801,CAMP0028,HCP0136,REP040,T004,2026-04-28,Email,Clicked Link,True,True,False,99
ENG000802,CAMP0028,HCP0172,REP028,T004,2026-04-03,Email,Downloaded,True,False,False,67
ENG000803,CAMP0028,HCP0436,REP016,T004,2026-05-01,Email,Opened Content,True,False,True,95
ENG000804,CAMP0028,HCP0040,REP040,T004,2026-04-22,Email,Attended,True,True,False,75
ENG000805,CAMP0028,HCP0376,REP016,T004,2026-04-29,Digital Ad,Registered,False,False,False,26
ENG000806,CAMP0028,HCP0496,REP016,T004,2026-04-18,Webinar,Downloaded,False,False,False,17
ENG000807,CAMP0028,HCP0340,REP016,T004,2026-04-01,Digital Ad,Clicked Link,True,False,False,90
ENG000808,CAMP0028,HCP0268,REP016,T004,2026-04-17,Field Event,Registered,True,False,True,52
ENG000809,CAMP0028,HCP0076,REP016,T004,2026-03-31,Field Event,Downloaded,True,False,False,94
ENG000810,CAMP0029,HCP0401,REP005,T005,2026-05-24,Field Event,Clicked Link,True,True,True,42
ENG000811,CAMP0029,HCP0005,REP017,T005,2026-05-16,Field Event,Downloaded,True,True,True,63
ENG000812,CAMP0029,HCP0005,REP005,T005,2026-05-02,Email,Clicked Link,True,False,False,59
ENG000813,CAMP0029,HCP0281,REP029,T005,2026-04-11,Field Event,Clicked Link,True,False,False,62
ENG000814,CAMP0029,HCP0005,REP017,T005,2026-05-19,Email,Attended,False,False,False,95
ENG000815,CAMP0029,HCP0221,REP005,T005,2026-05-14,Email,Clicked Link,True,True,False,52
ENG000816,CAMP0029,HCP0473,REP017,T005,2026-04-30,Digital Ad,Opened Content,False,False,False,55
ENG000817,CAMP0029,HCP0005,REP017,T005,2026-05-10,Webinar,Attended,False,False,False,24
ENG000818,CAMP0029,HCP0209,REP017,T005,2026-04-05,Digital Ad,Registered,True,False,False,61
ENG000819,CAMP0029,HCP0281,REP017,T005,2026-05-02,Field Event,Attended,True,True,False,78
ENG000820,CAMP0029,HCP0401,REP017,T005,2026-04-14,Digital Ad,Downloaded,True,False,True,92
ENG000821,CAMP0029,HCP0305,REP029,T005,2026-05-20,Field Event,Opened Content,True,True,False,25
ENG000822,CAMP0029,HCP0473,REP029,T005,2026-05-09,Webinar,Attended,True,False,True,45
ENG000823,CAMP0029,HCP0401,REP017,T005,2026-04-19,Email,Registered,True,True,False,85
ENG000824,CAMP0029,HCP0305,REP005,T005,2026-05-15,Digital Ad,Registered,False,False,False,7
ENG000825,CAMP0029,HCP0221,REP017,T005,2026-04-30,Webinar,Attended,True,True,False,62
ENG000826,CAMP0029,HCP0041,REP005,T005,2026-04-28,Webinar,Clicked Link,True,False,True,20
ENG000827,CAMP0029,HCP0305,REP029,T005,2026-04-12,Email,Opened Content,True,False,False,31
ENG000828,CAMP0029,HCP0473,REP029,T005,2026-05-02,Digital Ad,Opened Content,False,False,False,15
ENG000829,CAMP0029,HCP0473,REP029,T005,2026-05-03,Webinar,Registered,True,True,True,98
ENG000830,CAMP0029,HCP0293,REP017,T005,2026-04-19,Digital Ad,Attended,True,True,False,71
ENG000831,CAMP0029,HCP0209,REP029,T005,2026-04-09,Field Event,Registered,True,True,False,94
ENG000832,CAMP0029,HCP0293,REP017,T005,2026-04-08,Email,Clicked Link,False,False,False,63
ENG000833,CAMP0029,HCP0005,REP005,T005,2026-05-25,Email,Attended,True,False,False,70
ENG000834,CAMP0029,HCP0041,REP005,T005,2026-04-15,Email,Registered,False,False,True,49
ENG000835,CAMP0030,HCP0414,REP030,T006,2025-08-18,Email,Clicked Link,False,False,False,13
ENG000836,CAMP0030,HCP0342,REP030,T006,2025-08-24,Field Event,Attended,True,False,True,36
ENG000837,CAMP0030,HCP0330,REP018,T006,2025-07-19,Webinar,Opened Content,False,False,False,44
ENG000838,CAMP0030,HCP0234,REP006,T006,2025-08-13,Webinar,Clicked Link,True,True,False,98
ENG000839,CAMP0030,HCP0426,REP018,T006,2025-09-08,Field Event,Opened Content,True,True,True,20
ENG000840,CAMP0030,HCP0006,REP018,T006,2025-08-04,Digital Ad,Downloaded,False,False,False,3
ENG000841,CAMP0030,HCP0042,REP006,T006,2025-09-11,Webinar,Clicked Link,True,False,False,84
ENG000842,CAMP0030,HCP0186,REP018,T006,2025-08-19,Field Event,Downloaded,True,True,False,36
ENG000843,CAMP0030,HCP0186,REP006,T006,2025-08-07,Digital Ad,Downloaded,False,False,False,5
ENG000844,CAMP0030,HCP0234,REP030,T006,2025-07-23,Webinar,Registered,True,False,False,93
ENG000845,CAMP0030,HCP0354,REP018,T006,2025-08-11,Email,Clicked Link,True,False,False,5
ENG000846,CAMP0030,HCP0306,REP006,T006,2025-08-23,Field Event,Clicked Link,False,False,False,38
ENG000847,CAMP0030,HCP0042,REP006,T006,2025-08-14,Email,Downloaded,True,False,True,27
ENG000848,CAMP0030,HCP0006,REP006,T006,2025-08-31,Field Event,Attended,True,False,False,52
ENG000849,CAMP0030,HCP0018,REP018,T006,2025-08-24,Digital Ad,Clicked Link,True,False,False,40
ENG000850,CAMP0030,HCP0306,REP006,T006,2025-07-27,Field Event,Downloaded,False,False,False,48
ENG000851,CAMP0030,HCP0186,REP018,T006,2025-08-13,Email,Clicked Link,True,True,False,15
ENG000852,CAMP0030,HCP0354,REP018,T006,2025-08-29,Webinar,Opened Content,True,False,True,79
ENG000853,CAMP0030,HCP0186,REP006,T006,2025-09-05,Email,Opened Content,False,False,False,69
ENG000854,CAMP0031,HCP0091,REP007,T007,2025-04-20,Digital Ad,Registered,False,False,False,42
ENG000855,CAMP0031,HCP0091,REP019,T007,2025-01-28,Field Event,Opened Content,True,True,False,72
ENG000856,CAMP0031,HCP0103,REP019,T007,2025-03-06,Email,Registered,True,True,False,29
ENG000857,CAMP0031,HCP0499,REP019,T007,2025-02-13,Field Event,Attended,True,False,False,12
ENG000858,CAMP0031,HCP0151,REP007,T007,2025-03-03,Field Event,Registered,False,False,True,28
ENG000859,CAMP0031,HCP0271,REP007,T007,2025-01-19,Digital Ad,Registered,False,False,False,20
ENG000860,CAMP0031,HCP0499,REP007,T007,2025-01-29,Webinar,Opened Content,True,False,False,19
ENG000861,CAMP0031,HCP0091,REP031,T007,2025-03-28,Field Event,Registered,True,False,False,90
ENG000862,CAMP0031,HCP0151,REP007,T007,2025-03-11,Digital Ad,Attended,True,False,True,95
ENG000863,CAMP0031,HCP0331,REP007,T007,2025-01-18,Webinar,Downloaded,True,True,False,2
ENG000864,CAMP0031,HCP0199,REP019,T007,2025-02-20,Email,Opened Content,True,True,False,86
ENG000865,CAMP0031,HCP0091,REP007,T007,2025-03-17,Digital Ad,Registered,True,False,False,63
ENG000866,CAMP0031,HCP0091,REP007,T007,2025-01-20,Field Event,Clicked Link,True,False,False,65
ENG000867,CAMP0031,HCP0331,REP031,T007,2025-01-15,Digital Ad,Opened Content,True,False,False,26
ENG000868,CAMP0031,HCP0331,REP019,T007,2025-01-29,Field Event,Clicked Link,True,False,False,34
ENG000869,CAMP0031,HCP0331,REP019,T007,2025-03-16,Digital Ad,Registered,True,False,False,60
ENG000870,CAMP0031,HCP0151,REP019,T007,2025-01-27,Email,Opened Content,True,True,False,43
ENG000871,CAMP0031,HCP0331,REP019,T007,2025-02-09,Field Event,Registered,True,False,False,41
ENG000872,CAMP0031,HCP0331,REP019,T007,2025-01-23,Digital Ad,Clicked Link,True,True,False,55
ENG000873,CAMP0031,HCP0151,REP031,T007,2025-02-02,Webinar,Attended,True,False,False,80
ENG000874,CAMP0031,HCP0331,REP031,T007,2025-03-28,Field Event,Clicked Link,False,False,True,6
ENG000875,CAMP0032,HCP0428,REP032,T008,2025-07-22,Email,Registered,True,True,True,46
ENG000876,CAMP0032,HCP0404,REP020,T008,2025-07-28,Webinar,Opened Content,False,False,True,64
ENG000877,CAMP0032,HCP0104,REP032,T008,2025-07-26,Email,Registered,False,False,False,81
ENG000878,CAMP0032,HCP0212,REP020,T008,2025-07-31,Digital Ad,Clicked Link,False,False,True,92
ENG000879,CAMP0032,HCP0428,REP008,T008,2025-07-01,Email,Downloaded,False,False,False,1
ENG000880,CAMP0032,HCP0092,REP008,T008,2025-08-02,Webinar,Clicked Link,False,False,True,56
ENG000881,CAMP0032,HCP0092,REP032,T008,2025-08-01,Field Event,Attended,True,False,False,35
ENG000882,CAMP0032,HCP0212,REP032,T008,2025-07-27,Email,Attended,False,False,False,86
ENG000883,CAMP0032,HCP0044,REP032,T008,2025-07-12,Webinar,Opened Content,True,True,False,39
ENG000884,CAMP0032,HCP0104,REP020,T008,2025-07-08,Email,Clicked Link,True,False,False,89
ENG000885,CAMP0032,HCP0236,REP020,T008,2025-07-25,Digital Ad,Opened Content,True,False,False,6
ENG000886,CAMP0032,HCP0380,REP020,T008,2025-08-01,Webinar,Registered,True,False,True,11
ENG000887,CAMP0032,HCP0284,REP020,T008,2025-07-03,Email,Downloaded,True,True,False,56
ENG000888,CAMP0032,HCP0164,REP032,T008,2025-07-22,Field Event,Downloaded,False,False,False,83
ENG000889,CAMP0032,HCP0284,REP032,T008,2025-07-05,Email,Opened Content,False,False,False,6
ENG000890,CAMP0032,HCP0404,REP020,T008,2025-07-19,Webinar,Downloaded,True,False,True,42
ENG000891,CAMP0032,HCP0164,REP020,T008,2025-07-14,Field Event,Clicked Link,False,False,False,15
ENG000892,CAMP0032,HCP0452,REP020,T008,2025-07-11,Field Event,Clicked Link,False,False,False,65
ENG000893,CAMP0032,HCP0452,REP008,T008,2025-07-25,Email,Registered,True,False,True,92
ENG000894,CAMP0033,HCP0357,REP033,T009,2026-02-18,Webinar,Opened Content,True,False,False,98
ENG000895,CAMP0033,HCP0069,REP021,T009,2026-01-31,Digital Ad,Attended,True,True,False,59
ENG000896,CAMP0033,HCP0381,REP033,T009,2026-01-14,Field Event,Clicked Link,False,False,True,48
ENG000897,CAMP0033,HCP0069,REP021,T009,2026-02-12,Field Event,Registered,False,False,False,91
ENG000898,CAMP0033,HCP0369,REP009,T009,2026-02-26,Digital Ad,Attended,True,True,False,3
ENG000899,CAMP0033,HCP0081,REP021,T009,2026-01-10,Digital Ad,Downloaded,True,False,True,27
ENG000900,CAMP0033,HCP0465,REP009,T009,2026-01-08,Digital Ad,Attended,True,True,False,39
ENG000901,CAMP0033,HCP0033,REP033,T009,2026-01-15,Email,Attended,True,True,True,69
ENG000902,CAMP0033,HCP0429,REP009,T009,2026-02-20,Digital Ad,Registered,True,False,False,34
ENG000903,CAMP0033,HCP0465,REP021,T009,2026-02-10,Field Event,Clicked Link,True,False,False,62
ENG000904,CAMP0033,HCP0369,REP021,T009,2026-02-07,Webinar,Opened Content,False,False,True,43
ENG000905,CAMP0033,HCP0381,REP033,T009,2026-02-12,Field Event,Downloaded,True,False,False,44
ENG000906,CAMP0033,HCP0033,REP033,T009,2026-03-01,Field Event,Registered,True,False,True,8
ENG000907,CAMP0033,HCP0021,REP033,T009,2026-03-01,Webinar,Downloaded,True,False,False,55
ENG000908,CAMP0033,HCP0225,REP009,T009,2026-01-29,Webinar,Clicked Link,True,False,True,40
ENG000909,CAMP0033,HCP0369,REP021,T009,2026-01-13,Digital Ad,Registered,False,False,True,52
ENG000910,CAMP0033,HCP0201,REP033,T009,2026-01-08,Email,Downloaded,True,True,True,85
ENG000911,CAMP0033,HCP0069,REP009,T009,2026-02-06,Webinar,Attended,True,True,True,15
ENG000912,CAMP0033,HCP0321,REP009,T009,2026-02-16,Webinar,Registered,True,True,True,99
ENG000913,CAMP0033,HCP0081,REP033,T009,2026-01-28,Digital Ad,Registered,True,False,False,26
ENG000914,CAMP0033,HCP0057,REP021,T009,2026-02-20,Digital Ad,Opened Content,True,False,False,36
ENG000915,CAMP0033,HCP0393,REP033,T009,2026-01-31,Email,Registered,True,True,False,90
ENG000916,CAMP0033,HCP0321,REP021,T009,2026-01-14,Email,Attended,True,False,False,81
ENG000917,CAMP0033,HCP0141,REP009,T009,2026-02-11,Email,Downloaded,True,False,False,87
ENG000918,CAMP0033,HCP0213,REP021,T009,2026-02-05,Digital Ad,Registered,True,False,True,80
ENG000919,CAMP0033,HCP0321,REP009,T009,2026-02-11,Webinar,Opened Content,True,False,False,69
ENG000920,CAMP0033,HCP0369,REP009,T009,2026-03-04,Email,Attended,True,True,False,63
ENG000921,CAMP0033,HCP0429,REP021,T009,2026-02-18,Field Event,Downloaded,False,False,False,50
ENG000922,CAMP0033,HCP0141,REP009,T009,2026-03-04,Field Event,Clicked Link,False,False,False,87
ENG000923,CAMP0033,HCP0081,REP009,T009,2026-02-10,Digital Ad,Opened Content,True,True,False,68
ENG000924,CAMP0033,HCP0393,REP021,T009,2026-01-18,Field Event,Downloaded,True,False,False,5
ENG000925,CAMP0033,HCP0213,REP009,T009,2026-01-18,Email,Attended,True,True,False,46
ENG000926,CAMP0033,HCP0321,REP021,T009,2026-01-27,Field Event,Opened Content,False,False,False,29
ENG000927,CAMP0033,HCP0465,REP033,T009,2026-02-26,Field Event,Downloaded,True,True,False,22
ENG000928,CAMP0034,HCP0082,REP022,T010,2025-11-06,Webinar,Clicked Link,True,True,False,68
ENG000929,CAMP0034,HCP0418,REP034,T010,2025-11-04,Webinar,Attended,True,False,False,22
ENG000930,CAMP0034,HCP0478,REP034,T010,2025-10-09,Field Event,Attended,True,False,False,2
ENG000931,CAMP0034,HCP0274,REP022,T010,2025-11-02,Field Event,Attended,False,False,False,85
ENG000932,CAMP0034,HCP0226,REP034,T010,2025-10-18,Webinar,Downloaded,False,False,True,11
ENG000933,CAMP0034,HCP0226,REP034,T010,2025-10-23,Webinar,Opened Content,False,False,False,37
ENG000934,CAMP0034,HCP0394,REP034,T010,2025-10-15,Webinar,Downloaded,True,True,True,90
ENG000935,CAMP0034,HCP0118,REP022,T010,2025-11-06,Email,Registered,False,False,True,69
ENG000936,CAMP0034,HCP0046,REP034,T010,2025-10-13,Email,Registered,True,True,False,73
ENG000937,CAMP0034,HCP0202,REP010,T010,2025-11-02,Email,Downloaded,True,False,False,25
ENG000938,CAMP0034,HCP0046,REP034,T010,2025-10-17,Webinar,Opened Content,True,False,False,93
ENG000939,CAMP0034,HCP0394,REP034,T010,2025-10-22,Field Event,Opened Content,True,False,False,58
ENG000940,CAMP0034,HCP0430,REP034,T010,2025-10-20,Digital Ad,Opened Content,True,True,True,28
ENG000941,CAMP0034,HCP0454,REP010,T010,2025-10-14,Digital Ad,Opened Content,True,True,False,92
ENG000942,CAMP0034,HCP0178,REP022,T010,2025-10-31,Digital Ad,Downloaded,True,True,True,32
ENG000943,CAMP0034,HCP0118,REP022,T010,2025-10-07,Field Event,Downloaded,True,False,False,41
ENG000944,CAMP0034,HCP0046,REP010,T010,2025-10-08,Webinar,Downloaded,True,True,True,68
ENG000945,CAMP0034,HCP0046,REP010,T010,2025-10-10,Digital Ad,Clicked Link,True,True,False,21
ENG000946,CAMP0034,HCP0202,REP022,T010,2025-10-17,Digital Ad,Registered,False,False,True,44
ENG000947,CAMP0034,HCP0082,REP034,T010,2025-10-19,Digital Ad,Registered,False,False,False,84
ENG000948,CAMP0034,HCP0178,REP010,T010,2025-10-24,Digital Ad,Opened Content,False,False,True,23
ENG000949,CAMP0034,HCP0274,REP022,T010,2025-10-18,Digital Ad,Opened Content,True,True,False,50
ENG000950,CAMP0034,HCP0274,REP034,T010,2025-10-19,Email,Registered,True,False,True,67
ENG000951,CAMP0034,HCP0394,REP010,T010,2025-11-02,Email,Opened Content,True,False,False,48
ENG000952,CAMP0034,HCP0478,REP034,T010,2025-10-12,Email,Registered,True,False,True,45
ENG000953,CAMP0034,HCP0226,REP010,T010,2025-10-30,Webinar,Downloaded,False,False,True,67
ENG000954,CAMP0034,HCP0238,REP010,T010,2025-10-23,Email,Opened Content,False,False,False,26
ENG000955,CAMP0034,HCP0394,REP034,T010,2025-10-23,Field Event,Registered,False,False,True,41
ENG000956,CAMP0034,HCP0082,REP034,T010,2025-10-27,Webinar,Downloaded,True,False,False,51
ENG000957,CAMP0034,HCP0178,REP010,T010,2025-10-18,Webinar,Attended,True,False,False,100
ENG000958,CAMP0035,HCP0239,REP023,T011,2025-12-17,Field Event,Clicked Link,True,True,False,52
ENG000959,CAMP0035,HCP0323,REP011,T011,2025-11-20,Email,Attended,True,False,False,56
ENG000960,CAMP0035,HCP0071,REP011,T011,2025-12-04,Email,Registered,True,False,False,75
ENG000961,CAMP0035,HCP0479,REP035,T011,2025-11-18,Email,Opened Content,True,True,False,91
ENG000962,CAMP0035,HCP0035,REP023,T011,2025-11-20,Digital Ad,Downloaded,True,False,True,16
ENG000963,CAMP0035,HCP0359,REP035,T011,2025-11-13,Email,Downloaded,True,False,False,33
ENG000964,CAMP0035,HCP0479,REP023,T011,2025-12-01,Webinar,Clicked Link,True,True,False,6
ENG000965,CAMP0035,HCP0167,REP023,T011,2025-11-30,Field Event,Registered,True,False,False,94
ENG000966,CAMP0035,HCP0239,REP035,T011,2025-11-25,Field Event,Registered,True,False,False,24
ENG000967,CAMP0035,HCP0107,REP023,T011,2025-11-20,Webinar,Attended,False,False,False,39
ENG000968,CAMP0035,HCP0395,REP035,T011,2025-11-21,Webinar,Downloaded,False,False,False,9
ENG000969,CAMP0035,HCP0167,REP035,T011,2025-12-13,Field Event,Opened Content,True,False,False,40
ENG000970,CAMP0035,HCP0119,REP035,T011,2025-12-14,Digital Ad,Registered,True,False,True,33
ENG000971,CAMP0035,HCP0119,REP011,T011,2025-12-14,Webinar,Clicked Link,True,True,False,45
ENG000972,CAMP0035,HCP0419,REP011,T011,2025-12-09,Email,Opened Content,False,False,False,43
ENG000973,CAMP0035,HCP0335,REP023,T011,2025-11-26,Email,Clicked Link,True,True,False,44
ENG000974,CAMP0035,HCP0479,REP035,T011,2025-12-10,Email,Downloaded,True,True,False,32
ENG000975,CAMP0035,HCP0011,REP023,T011,2025-12-10,Digital Ad,Registered,True,True,False,22
ENG000976,CAMP0035,HCP0059,REP035,T011,2025-11-25,Email,Clicked Link,True,False,False,81
ENG000977,CAMP0035,HCP0395,REP011,T011,2025-12-02,Webinar,Registered,False,False,False,47
ENG000978,CAMP0035,HCP0107,REP035,T011,2025-11-17,Digital Ad,Opened Content,True,False,False,79
ENG000979,CAMP0035,HCP0143,REP035,T011,2025-12-13,Email,Attended,True,False,False,50
ENG000980,CAMP0035,HCP0131,REP035,T011,2025-12-18,Webinar,Downloaded,True,False,False,49
ENG000981,CAMP0035,HCP0347,REP023,T011,2025-11-27,Digital Ad,Registered,True,False,False,11
ENG000982,CAMP0035,HCP0479,REP023,T011,2025-12-13,Webinar,Registered,True,True,True,31
ENG000983,CAMP0035,HCP0263,REP035,T011,2025-12-12,Digital Ad,Clicked Link,False,False,False,8
ENG000984,CAMP0036,HCP0132,REP012,T012,2025-06-18,Webinar,Attended,False,False,False,78
ENG000985,CAMP0036,HCP0120,REP024,T012,2025-07-08,Field Event,Attended,False,False,False,54
ENG000986,CAMP0036,HCP0228,REP024,T012,2025-07-16,Digital Ad,Attended,True,False,True,2
ENG000987,CAMP0036,HCP0096,REP036,T012,2025-06-17,Webinar,Clicked Link,False,False,False,1
ENG000988,CAMP0036,HCP0444,REP024,T012,2025-05-31,Digital Ad,Downloaded,True,False,True,14
ENG000989,CAMP0036,HCP0192,REP036,T012,2025-07-18,Digital Ad,Attended,False,False,False,24
ENG000990,CAMP0036,HCP0096,REP036,T012,2025-06-01,Digital Ad,Downloaded,True,False,False,12
ENG000991,CAMP0036,HCP0444,REP012,T012,2025-06-28,Email,Registered,True,False,True,21
ENG000992,CAMP0036,HCP0192,REP036,T012,2025-07-21,Field Event,Registered,True,False,False,41
ENG000993,CAMP0036,HCP0240,REP036,T012,2025-07-17,Email,Registered,True,False,True,74
ENG000994,CAMP0036,HCP0228,REP012,T012,2025-07-11,Digital Ad,Opened Content,True,True,True,43
ENG000995,CAMP0036,HCP0240,REP012,T012,2025-07-07,Digital Ad,Opened Content,False,False,False,19
ENG000996,CAMP0036,HCP0300,REP012,T012,2025-06-11,Field Event,Attended,True,True,False,7
ENG000997,CAMP0036,HCP0228,REP024,T012,2025-07-05,Digital Ad,Downloaded,True,True,False,55
ENG000998,CAMP0036,HCP0192,REP012,T012,2025-07-03,Field Event,Clicked Link,False,False,True,48
ENG000999,CAMP0036,HCP0240,REP036,T012,2025-06-28,Digital Ad,Registered,True,True,False,89
ENG001000,CAMP0036,HCP0132,REP012,T012,2025-06-14,Digital Ad,Attended,True,False,False,15
ENG001001,CAMP0036,HCP0240,REP036,T012,2025-07-18,Digital Ad,Downloaded,False,False,True,79
ENG001002,CAMP0036,HCP0192,REP012,T012,2025-06-20,Digital Ad,Registered,False,False,False,12
ENG001003,CAMP0036,HCP0228,REP024,T012,2025-06-14,Email,Downloaded,True,True,False,67
ENG001004,CAMP0036,HCP0096,REP036,T012,2025-07-19,Webinar,Registered,False,False,True,27
ENG001005,CAMP0036,HCP0120,REP036,T012,2025-06-14,Email,Downloaded,True,False,False,97
ENG001006,CAMP0036,HCP0228,REP024,T012,2025-07-10,Digital Ad,Opened Content,True,True,False,19
ENG001007,CAMP0036,HCP0444,REP024,T012,2025-06-18,Digital Ad,Downloaded,True,False,True,18
ENG001008,CAMP0036,HCP0192,REP024,T012,2025-06-10,Digital Ad,Attended,True,False,False,75
ENG001009,CAMP0036,HCP0444,REP024,T012,2025-07-06,Email,Attended,True,False,False,85
ENG001010,CAMP0037,HCP0241,REP013,T001,2025-02-11,Email,Downloaded,True,True,False,31
ENG001011,CAMP0037,HCP0061,REP037,T001,2025-02-10,Webinar,Registered,True,True,False,86
ENG001012,CAMP0037,HCP0457,REP025,T001,2025-01-30,Field Event,Clicked Link,False,False,False,94
ENG001013,CAMP0037,HCP0241,REP025,T001,2025-02-12,Webinar,Opened Content,True,True,True,2
ENG001014,CAMP0037,HCP0421,REP037,T001,2025-01-22,Digital Ad,Registered,True,False,True,30
ENG001015,CAMP0037,HCP0421,REP025,T001,2025-02-01,Webinar,Downloaded,True,True,False,75
ENG001016,CAMP0037,HCP0061,REP025,T001,2025-02-19,Email,Downloaded,True,True,False,35
ENG001017,CAMP0037,HCP0205,REP013,T001,2025-01-28,Digital Ad,Opened Content,True,True,False,16
ENG001018,CAMP0037,HCP0397,REP037,T001,2025-01-31,Digital Ad,Downloaded,False,False,False,28
ENG001019,CAMP0037,HCP0013,REP013,T001,2025-01-28,Email,Downloaded,True,False,False,61
ENG001020,CAMP0037,HCP0457,REP001,T001,2025-02-28,Digital Ad,Clicked Link,False,False,False,67
ENG001021,CAMP0037,HCP0421,REP037,T001,2025-02-03,Digital Ad,Downloaded,False,False,False,11
ENG001022,CAMP0037,HCP0397,REP013,T001,2025-02-23,Webinar,Clicked Link,True,False,False,4
ENG001023,CAMP0037,HCP0013,REP037,T001,2025-02-11,Email,Opened Content,True,True,False,87
ENG001024,CAMP0037,HCP0481,REP013,T001,2025-02-03,Email,Downloaded,True,False,False,67
ENG001025,CAMP0037,HCP0457,REP013,T001,2025-01-24,Email,Downloaded,False,False,True,27
ENG001026,CAMP0037,HCP0481,REP037,T001,2025-02-09,Webinar,Opened Content,False,False,False,68
ENG001027,CAMP0037,HCP0205,REP013,T001,2025-01-24,Email,Registered,True,False,False,53
ENG001028,CAMP0037,HCP0481,REP013,T001,2025-02-01,Digital Ad,Downloaded,False,False,False,20
ENG001029,CAMP0037,HCP0157,REP037,T001,2025-02-20,Field Event,Clicked Link,True,False,False,69
ENG001030,CAMP0037,HCP0457,REP037,T001,2025-03-01,Email,Attended,True,False,False,28
ENG001031,CAMP0037,HCP0205,REP025,T001,2025-02-05,Field Event,Attended,False,False,False,67
ENG001032,CAMP0037,HCP0061,REP013,T001,2025-01-31,Email,Opened Content,True,True,False,29
ENG001033,CAMP0037,HCP0241,REP001,T001,2025-02-11,Field Event,Clicked Link,True,False,True,90
ENG001034,CAMP0037,HCP0481,REP001,T001,2025-02-19,Webinar,Opened Content,True,False,False,87
ENG001035,CAMP0037,HCP0205,REP037,T001,2025-02-09,Webinar,Attended,True,False,True,68
ENG001036,CAMP0037,HCP0481,REP025,T001,2025-01-23,Digital Ad,Downloaded,True,False,False,99
ENG001037,CAMP0037,HCP0361,REP001,T001,2025-02-03,Digital Ad,Attended,True,True,False,43
ENG001038,CAMP0037,HCP0061,REP013,T001,2025-02-24,Webinar,Opened Content,True,True,False,30
ENG001039,CAMP0037,HCP0037,REP025,T001,2025-01-22,Webinar,Attended,False,False,False,53
ENG001040,CAMP0037,HCP0061,REP037,T001,2025-02-02,Digital Ad,Downloaded,False,False,False,12
ENG001041,CAMP0037,HCP0421,REP001,T001,2025-01-22,Email,Downloaded,True,False,True,76
ENG001042,CAMP0038,HCP0086,REP002,T002,2025-10-15,Digital Ad,Downloaded,False,False,False,82
ENG001043,CAMP0038,HCP0050,REP002,T002,2025-09-21,Webinar,Opened Content,True,False,False,54
ENG001044,CAMP0038,HCP0242,REP014,T002,2025-09-20,Digital Ad,Opened Content,True,False,False,17
ENG001045,CAMP0038,HCP0050,REP038,T002,2025-09-23,Digital Ad,Registered,True,False,False,96
ENG001046,CAMP0038,HCP0038,REP002,T002,2025-09-01,Webinar,Downloaded,True,False,False,76
ENG001047,CAMP0038,HCP0134,REP038,T002,2025-08-21,Digital Ad,Clicked Link,True,False,False,72
ENG001048,CAMP0038,HCP0374,REP026,T002,2025-09-07,Digital Ad,Clicked Link,True,False,False,66
ENG001049,CAMP0038,HCP0086,REP038,T002,2025-09-08,Webinar,Downloaded,False,False,False,15
ENG001050,CAMP0038,HCP0038,REP038,T002,2025-10-01,Email,Attended,True,True,False,85
ENG001051,CAMP0038,HCP0458,REP002,T002,2025-10-03,Webinar,Attended,True,False,False,12
ENG001052,CAMP0038,HCP0242,REP038,T002,2025-10-14,Webinar,Clicked Link,True,False,False,21
ENG001053,CAMP0038,HCP0002,REP002,T002,2025-09-09,Digital Ad,Registered,True,False,False,97
ENG001054,CAMP0038,HCP0002,REP014,T002,2025-10-06,Webinar,Registered,True,False,False,38
ENG001055,CAMP0038,HCP0206,REP002,T002,2025-10-06,Field Event,Opened Content,True,False,False,8
ENG001056,CAMP0038,HCP0434,REP026,T002,2025-09-17,Digital Ad,Opened Content,True,True,False,63
ENG001057,CAMP0038,HCP0038,REP014,T002,2025-09-10,Digital Ad,Opened Content,False,False,False,20
ENG001058,CAMP0038,HCP0458,REP026,T002,2025-10-07,Webinar,Downloaded,False,False,False,86
ENG001059,CAMP0038,HCP0218,REP002,T002,2025-08-30,Webinar,Downloaded,True,False,False,8
ENG001060,CAMP0038,HCP0374,REP014,T002,2025-08-19,Email,Attended,True,True,False,18
ENG001061,CAMP0038,HCP0206,REP026,T002,2025-10-03,Webinar,Opened Content,True,False,False,46
ENG001062,CAMP0038,HCP0242,REP038,T002,2025-09-20,Field Event,Attended,True,False,False,18
ENG001063,CAMP0038,HCP0038,REP002,T002,2025-10-17,Webinar,Downloaded,True,False,False,96
ENG001064,CAMP0038,HCP0458,REP014,T002,2025-10-09,Email,Opened Content,True,False,False,16
ENG001065,CAMP0038,HCP0038,REP038,T002,2025-10-20,Field Event,Attended,False,False,False,6
ENG001066,CAMP0038,HCP0074,REP026,T002,2025-10-18,Field Event,Clicked Link,True,False,False,26
ENG001067,CAMP0038,HCP0182,REP002,T002,2025-09-28,Digital Ad,Opened Content,True,False,False,14
ENG001068,CAMP0038,HCP0230,REP026,T002,2025-10-08,Field Event,Registered,True,True,False,89
ENG001069,CAMP0038,HCP0086,REP026,T002,2025-10-18,Webinar,Attended,True,False,True,95
ENG001070,CAMP0038,HCP0050,REP038,T002,2025-09-01,Webinar,Attended,True,True,False,44
ENG001071,CAMP0039,HCP0387,REP015,T003,2025-05-30,Field Event,Registered,True,True,True,100
ENG001072,CAMP0039,HCP0219,REP039,T003,2025-07-01,Webinar,Downloaded,False,False,False,29
ENG001073,CAMP0039,HCP0387,REP015,T003,2025-06-29,Email,Registered,True,False,False,16
ENG001074,CAMP0039,HCP0027,REP003,T003,2025-05-28,Email,Attended,False,False,False,73
ENG001075,CAMP0039,HCP0387,REP003,T003,2025-08-25,Field Event,Clicked Link,True,True,False,85
ENG001076,CAMP0039,HCP0291,REP039,T003,2025-06-21,Email,Registered,False,False,False,82
ENG001077,CAMP0039,HCP0159,REP027,T003,2025-06-11,Field Event,Opened Content,False,False,True,35
ENG001078,CAMP0039,HCP0291,REP003,T003,2025-08-31,Webinar,Clicked Link,True,True,False,72
ENG001079,CAMP0039,HCP0219,REP015,T003,2025-08-31,Email,Clicked Link,True,False,False,15
ENG001080,CAMP0039,HCP0459,REP027,T003,2025-08-06,Field Event,Attended,True,False,False,65
ENG001081,CAMP0039,HCP0159,REP015,T003,2025-08-28,Field Event,Clicked Link,True,True,False,48
ENG001082,CAMP0039,HCP0219,REP039,T003,2025-07-13,Webinar,Clicked Link,False,False,False,63
ENG001083,CAMP0039,HCP0159,REP015,T003,2025-07-10,Field Event,Registered,False,False,True,30
ENG001084,CAMP0039,HCP0327,REP003,T003,2025-05-28,Webinar,Clicked Link,True,False,False,83
ENG001085,CAMP0039,HCP0099,REP003,T003,2025-06-07,Field Event,Clicked Link,True,False,True,33
ENG001086,CAMP0039,HCP0447,REP027,T003,2025-06-04,Field Event,Registered,True,False,False,78
ENG001087,CAMP0039,HCP0327,REP039,T003,2025-07-17,Digital Ad,Downloaded,False,False,False,2
ENG001088,CAMP0039,HCP0027,REP039,T003,2025-08-22,Field Event,Downloaded,True,False,False,42
ENG001089,CAMP0039,HCP0099,REP015,T003,2025-09-03,Digital Ad,Registered,True,False,False,2
ENG001090,CAMP0039,HCP0291,REP039,T003,2025-07-07,Digital Ad,Attended,True,False,False,15
ENG001091,CAMP0039,HCP0447,REP015,T003,2025-06-15,Email,Downloaded,True,False,False,57
ENG001092,CAMP0039,HCP0159,REP027,T003,2025-06-26,Digital Ad,Opened Content,True,False,True,77
ENG001093,CAMP0039,HCP0447,REP039,T003,2025-07-14,Email,Clicked Link,True,False,False,33
ENG001094,CAMP0039,HCP0159,REP003,T003,2025-08-20,Field Event,Registered,True,False,False,31
ENG001095,CAMP0039,HCP0219,REP027,T003,2025-08-24,Webinar,Attended,False,False,True,87
ENG001096,CAMP0039,HCP0003,REP015,T003,2025-09-04,Digital Ad,Downloaded,True,False,False,63
ENG001097,CAMP0039,HCP0159,REP039,T003,2025-09-07,Email,Downloaded,False,False,False,83
ENG001098,CAMP0039,HCP0459,REP039,T003,2025-08-18,Field Event,Attended,False,False,True,26
ENG001099,CAMP0039,HCP0003,REP039,T003,2025-07-21,Webinar,Attended,True,False,False,97
ENG001100,CAMP0039,HCP0459,REP027,T003,2025-07-23,Field Event,Registered,True,False,True,48
ENG001101,CAMP0039,HCP0219,REP027,T003,2025-08-04,Digital Ad,Opened Content,True,False,False,42
ENG001102,CAMP0039,HCP0387,REP039,T003,2025-06-21,Digital Ad,Downloaded,False,False,False,88
ENG001103,CAMP0039,HCP0291,REP003,T003,2025-06-18,Email,Registered,True,True,False,72
ENG001104,CAMP0039,HCP0291,REP003,T003,2025-07-28,Webinar,Registered,True,True,False,73
ENG001105,CAMP0039,HCP0159,REP015,T003,2025-08-31,Webinar,Registered,True,False,False,60
ENG001106,CAMP0039,HCP0327,REP027,T003,2025-06-20,Email,Downloaded,False,False,False,96
ENG001107,CAMP0039,HCP0027,REP039,T003,2025-08-04,Digital Ad,Registered,True,True,True,24
ENG001108,CAMP0039,HCP0447,REP039,T003,2025-06-28,Webinar,Attended,True,True,False,11
ENG001109,CAMP0039,HCP0099,REP027,T003,2025-08-19,Field Event,Attended,True,False,False,14
ENG001110,CAMP0039,HCP0327,REP015,T003,2025-08-29,Field Event,Clicked Link,True,True,False,29
ENG001111,CAMP0040,HCP0100,REP004,T004,2025-07-06,Email,Opened Content,True,False,True,65
ENG001112,CAMP0040,HCP0400,REP004,T004,2025-07-07,Digital Ad,Registered,True,True,False,21
ENG001113,CAMP0040,HCP0496,REP004,T004,2025-06-21,Webinar,Downloaded,False,False,True,72
ENG001114,CAMP0040,HCP0028,REP028,T004,2025-05-27,Email,Registered,True,False,True,6
ENG001115,CAMP0040,HCP0460,REP016,T004,2025-07-18,Email,Clicked Link,False,False,True,83
ENG001116,CAMP0040,HCP0100,REP016,T004,2025-05-17,Digital Ad,Attended,True,True,False,15
ENG001117,CAMP0040,HCP0400,REP016,T004,2025-07-14,Webinar,Downloaded,True,False,False,85
ENG001118,CAMP0040,HCP0256,REP028,T004,2025-06-01,Field Event,Registered,True,True,True,64
ENG001119,CAMP0040,HCP0448,REP016,T004,2025-06-06,Digital Ad,Attended,True,False,False,8
ENG001120,CAMP0040,HCP0340,REP016,T004,2025-04-28,Field Event,Clicked Link,False,False,False,44
ENG001121,CAMP0040,HCP0484,REP028,T004,2025-06-09,Email,Registered,True,False,False,66
ENG001122,CAMP0040,HCP0448,REP004,T004,2025-05-27,Field Event,Downloaded,True,False,False,6
ENG001123,CAMP0040,HCP0280,REP016,T004,2025-05-20,Email,Downloaded,False,False,True,11
ENG001124,CAMP0040,HCP0316,REP004,T004,2025-07-07,Webinar,Clicked Link,True,False,False,77
ENG001125,CAMP0040,HCP0340,REP004,T004,2025-07-10,Webinar,Attended,True,False,True,66
ENG001126,CAMP0040,HCP0004,REP040,T004,2025-05-30,Webinar,Attended,True,True,True,41
ENG001127,CAMP0040,HCP0352,REP040,T004,2025-05-07,Digital Ad,Registered,True,False,False,58
ENG001128,CAMP0040,HCP0436,REP040,T004,2025-05-31,Webinar,Downloaded,True,False,False,13
ENG001129,CAMP0040,HCP0292,REP040,T004,2025-05-08,Field Event,Clicked Link,True,False,False,77
ENG001130,CAMP0040,HCP0496,REP028,T004,2025-07-22,Field Event,Opened Content,True,True,True,62
ENG001131,CAMP0040,HCP0028,REP004,T004,2025-06-02,Field Event,Attended,False,False,False,15
ENG001132,CAMP0040,HCP0280,REP016,T004,2025-05-13,Webinar,Clicked Link,False,False,False,7
ENG001133,CAMP0040,HCP0304,REP016,T004,2025-05-11,Digital Ad,Opened Content,True,False,False,18
ENG001134,CAMP0040,HCP0172,REP040,T004,2025-07-06,Field Event,Downloaded,True,False,False,4
ENG001135,CAMP0040,HCP0100,REP028,T004,2025-07-12,Email,Registered,True,False,False,87
ENG001136,CAMP0040,HCP0460,REP040,T004,2025-04-23,Email,Registered,True,False,False,28
ENG001137,CAMP0040,HCP0448,REP004,T004,2025-05-09,Field Event,Clicked Link,True,False,True,36
ENG001138,CAMP0040,HCP0340,REP016,T004,2025-05-26,Webinar,Downloaded,True,False,False,79
ENG001139,CAMP0040,HCP0376,REP016,T004,2025-06-06,Email,Downloaded,True,True,False,30
ENG001140,CAMP0040,HCP0100,REP028,T004,2025-06-15,Digital Ad,Registered,True,False,False,61
ENG001141,CAMP0040,HCP0184,REP040,T004,2025-05-12,Webinar,Attended,True,False,False,98
ENG001142,CAMP0040,HCP0196,REP028,T004,2025-07-16,Email,Clicked Link,True,False,False,80
ENG001143,CAMP0040,HCP0412,REP028,T004,2025-06-24,Digital Ad,Downloaded,True,False,False,8
ENG001144,CAMP0040,HCP0208,REP040,T004,2025-07-20,Digital Ad,Attended,True,False,True,92
ENG001145,CAMP0040,HCP0112,REP028,T004,2025-06-27,Digital Ad,Opened Content,False,False,False,5
ENG001146,CAMP0040,HCP0496,REP004,T004,2025-06-29,Digital Ad,Attended,True,True,False,3
ENG001147,CAMP0041,HCP0089,REP029,T005,2025-05-31,Field Event,Attended,False,False,False,53
ENG001148,CAMP0041,HCP0137,REP029,T005,2025-07-09,Webinar,Attended,True,True,False,54
ENG001149,CAMP0041,HCP0089,REP017,T005,2025-05-06,Field Event,Opened Content,True,False,False,53
ENG001150,CAMP0041,HCP0257,REP005,T005,2025-06-06,Digital Ad,Registered,False,False,True,29
ENG001151,CAMP0041,HCP0077,REP017,T005,2025-06-02,Digital Ad,Clicked Link,False,False,False,38
ENG001152,CAMP0041,HCP0101,REP005,T005,2025-06-09,Email,Clicked Link,True,True,False,54
ENG001153,CAMP0041,HCP0257,REP029,T005,2025-07-07,Webinar,Registered,False,False,False,2
ENG001154,CAMP0041,HCP0497,REP005,T005,2025-07-07,Digital Ad,Clicked Link,True,False,False,38
ENG001155,CAMP0041,HCP0089,REP005,T005,2025-07-14,Email,Registered,True,True,False,40
ENG001156,CAMP0041,HCP0089,REP005,T005,2025-05-17,Digital Ad,Attended,False,False,False,59
ENG001157,CAMP0041,HCP0257,REP017,T005,2025-07-22,Digital Ad,Downloaded,False,False,False,49
ENG001158,CAMP0041,HCP0377,REP005,T005,2025-06-23,Field Event,Registered,True,False,False,32
ENG001159,CAMP0041,HCP0437,REP029,T005,2025-06-20,Field Event,Registered,True,False,False,82
ENG001160,CAMP0041,HCP0089,REP029,T005,2025-06-30,Email,Attended,False,False,False,67
ENG001161,CAMP0041,HCP0377,REP029,T005,2025-06-19,Digital Ad,Attended,True,False,False,57
ENG001162,CAMP0041,HCP0089,REP017,T005,2025-06-08,Email,Registered,True,False,False,84
ENG001163,CAMP0041,HCP0185,REP017,T005,2025-05-17,Webinar,Opened Content,True,True,True,64
ENG001164,CAMP0041,HCP0437,REP005,T005,2025-05-11,Webinar,Registered,False,False,False,26
ENG001165,CAMP0041,HCP0257,REP029,T005,2025-07-06,Digital Ad,Downloaded,True,True,False,90
ENG001166,CAMP0041,HCP0089,REP005,T005,2025-07-12,Field Event,Downloaded,True,True,False,90
ENG001167,CAMP0041,HCP0365,REP017,T005,2025-06-02,Webinar,Downloaded,True,False,True,50
ENG001168,CAMP0041,HCP0497,REP005,T005,2025-07-26,Field Event,Clicked Link,True,True,False,98
ENG001169,CAMP0041,HCP0185,REP029,T005,2025-05-14,Webinar,Attended,True,True,False,54
ENG001170,CAMP0041,HCP0137,REP005,T005,2025-07-04,Field Event,Opened Content,True,True,True,92
ENG001171,CAMP0041,HCP0077,REP017,T005,2025-06-18,Digital Ad,Registered,True,False,True,9
ENG001172,CAMP0041,HCP0137,REP017,T005,2025-07-14,Digital Ad,Opened Content,True,False,False,7
ENG001173,CAMP0041,HCP0077,REP029,T005,2025-06-20,Webinar,Registered,False,False,False,46
ENG001174,CAMP0041,HCP0437,REP017,T005,2025-07-14,Email,Downloaded,True,True,False,99
ENG001175,CAMP0041,HCP0437,REP005,T005,2025-06-05,Webinar,Downloaded,True,True,True,64
ENG001176,CAMP0041,HCP0437,REP017,T005,2025-06-23,Digital Ad,Attended,True,False,False,16
ENG001177,CAMP0041,HCP0257,REP005,T005,2025-05-30,Digital Ad,Opened Content,False,False,False,52
ENG001178,CAMP0042,HCP0198,REP018,T006,2026-02-19,Email,Registered,False,False,False,97
ENG001179,CAMP0042,HCP0138,REP006,T006,2026-02-02,Email,Registered,True,False,False,14
ENG001180,CAMP0042,HCP0498,REP030,T006,2026-01-14,Webinar,Clicked Link,True,False,False,31
ENG001181,CAMP0042,HCP0258,REP018,T006,2026-02-12,Field Event,Opened Content,False,False,True,95
ENG001182,CAMP0042,HCP0246,REP006,T006,2025-12-29,Field Event,Registered,True,False,False,3
ENG001183,CAMP0042,HCP0402,REP018,T006,2026-04-02,Email,Attended,True,False,False,24
ENG001184,CAMP0042,HCP0174,REP018,T006,2026-03-26,Field Event,Opened Content,True,False,False,78
ENG001185,CAMP0042,HCP0102,REP018,T006,2026-01-18,Webinar,Attended,False,False,False,4
ENG001186,CAMP0042,HCP0498,REP006,T006,2025-12-28,Field Event,Downloaded,False,False,False,91
ENG001187,CAMP0042,HCP0366,REP030,T006,2025-12-27,Digital Ad,Registered,True,False,False,34
ENG001188,CAMP0042,HCP0246,REP030,T006,2026-01-18,Email,Registered,True,False,False,79
ENG001189,CAMP0042,HCP0102,REP006,T006,2026-01-03,Email,Downloaded,False,False,True,91
ENG001190,CAMP0042,HCP0450,REP006,T006,2025-12-20,Email,Clicked Link,True,True,False,16
ENG001191,CAMP0042,HCP0402,REP030,T006,2026-04-10,Digital Ad,Attended,False,False,False,35
ENG001192,CAMP0042,HCP0174,REP006,T006,2026-01-12,Email,Registered,True,False,False,56
ENG001193,CAMP0042,HCP0366,REP006,T006,2026-03-02,Field Event,Clicked Link,False,False,True,79
ENG001194,CAMP0042,HCP0198,REP006,T006,2026-02-14,Email,Registered,True,False,False,72
ENG001195,CAMP0042,HCP0390,REP006,T006,2026-04-08,Field Event,Downloaded,True,True,False,13
ENG001196,CAMP0042,HCP0390,REP006,T006,2025-12-21,Email,Clicked Link,False,False,False,99
ENG001197,CAMP0042,HCP0390,REP018,T006,2026-04-02,Field Event,Downloaded,False,False,False,74
ENG001198,CAMP0042,HCP0402,REP030,T006,2026-01-31,Webinar,Registered,True,False,True,45
ENG001199,CAMP0042,HCP0402,REP006,T006,2026-04-06,Digital Ad,Attended,True,False,False,78
ENG001200,CAMP0042,HCP0198,REP018,T006,2025-12-31,Email,Attended,False,False,False,17
ENG001201,CAMP0043,HCP0307,REP007,T007,2025-03-23,Email,Downloaded,True,False,False,63
ENG001202,CAMP0043,HCP0355,REP031,T007,2025-03-29,Field Event,Opened Content,True,False,False,18
ENG001203,CAMP0043,HCP0427,REP019,T007,2025-01-18,Webinar,Opened Content,False,False,True,63
ENG001204,CAMP0043,HCP0103,REP007,T007,2025-02-25,Email,Opened Content,True,False,False,18
ENG001205,CAMP0043,HCP0343,REP031,T007,2025-03-06,Digital Ad,Downloaded,True,True,False,35
ENG001206,CAMP0043,HCP0007,REP031,T007,2025-02-06,Digital Ad,Attended,True,False,True,41
ENG001207,CAMP0043,HCP0043,REP007,T007,2025-02-25,Webinar,Registered,True,True,False,61
ENG001208,CAMP0043,HCP0271,REP031,T007,2025-01-08,Field Event,Clicked Link,True,True,False,46
ENG001209,CAMP0043,HCP0163,REP019,T007,2025-02-25,Email,Attended,True,True,False,78
ENG001210,CAMP0043,HCP0451,REP019,T007,2025-03-25,Field Event,Downloaded,True,True,False,81
ENG001211,CAMP0043,HCP0199,REP019,T007,2025-03-09,Email,Downloaded,False,False,False,98
ENG001212,CAMP0043,HCP0091,REP007,T007,2025-02-26,Email,Clicked Link,True,False,True,22
ENG001213,CAMP0043,HCP0463,REP019,T007,2025-02-01,Webinar,Attended,True,True,False,7
ENG001214,CAMP0043,HCP0223,REP007,T007,2025-03-23,Digital Ad,Downloaded,False,False,False,56
ENG001215,CAMP0043,HCP0091,REP007,T007,2025-03-13,Digital Ad,Clicked Link,True,True,False,48
ENG001216,CAMP0043,HCP0343,REP007,T007,2025-01-12,Field Event,Attended,False,False,False,94
ENG001217,CAMP0043,HCP0151,REP007,T007,2025-02-21,Digital Ad,Registered,False,False,True,51
ENG001218,CAMP0043,HCP0127,REP031,T007,2025-03-05,Webinar,Registered,True,True,False,68
ENG001219,CAMP0043,HCP0187,REP031,T007,2025-02-04,Digital Ad,Downloaded,True,True,False,58
ENG001220,CAMP0043,HCP0403,REP007,T007,2025-03-12,Field Event,Registered,True,False,False,8
ENG001221,CAMP0043,HCP0391,REP007,T007,2025-03-01,Email,Downloaded,True,False,False,3
ENG001222,CAMP0043,HCP0463,REP019,T007,2025-01-22,Webinar,Clicked Link,False,False,False,60
ENG001223,CAMP0043,HCP0331,REP019,T007,2025-01-08,Field Event,Downloaded,True,True,False,93
ENG001224,CAMP0043,HCP0031,REP019,T007,2025-01-27,Email,Opened Content,True,True,False,68
ENG001225,CAMP0043,HCP0247,REP007,T007,2025-03-04,Digital Ad,Clicked Link,True,False,False,43
ENG001226,CAMP0043,HCP0127,REP019,T007,2025-02-10,Field Event,Opened Content,True,False,False,98
ENG001227,CAMP0043,HCP0007,REP031,T007,2025-01-15,Digital Ad,Attended,True,False,False,36
ENG001228,CAMP0043,HCP0475,REP031,T007,2025-02-07,Webinar,Attended,True,False,False,6
ENG001229,CAMP0043,HCP0307,REP019,T007,2025-02-18,Webinar,Clicked Link,True,False,True,22
ENG001230,CAMP0043,HCP0295,REP007,T007,2025-02-02,Email,Attended,True,False,False,88
ENG001231,CAMP0043,HCP0379,REP019,T007,2025-02-22,Digital Ad,Registered,True,False,True,16
ENG001232,CAMP0043,HCP0295,REP007,T007,2025-03-11,Digital Ad,Attended,True,True,True,7
ENG001233,CAMP0043,HCP0439,REP019,T007,2025-01-16,Field Event,Registered,False,False,True,89
ENG001234,CAMP0043,HCP0331,REP031,T007,2025-02-17,Digital Ad,Attended,False,False,True,9
ENG001235,CAMP0043,HCP0403,REP007,T007,2025-03-01,Field Event,Clicked Link,True,False,True,19
ENG001236,CAMP0044,HCP0260,REP008,T008,2026-03-23,Email,Registered,False,False,False,68
ENG001237,CAMP0044,HCP0116,REP020,T008,2026-04-11,Field Event,Downloaded,True,True,False,21
ENG001238,CAMP0044,HCP0248,REP032,T008,2026-03-24,Digital Ad,Attended,True,True,False,63
ENG001239,CAMP0044,HCP0368,REP032,T008,2026-04-24,Digital Ad,Clicked Link,True,False,False,80
ENG001240,CAMP0044,HCP0464,REP008,T008,2026-04-23,Webinar,Attended,True,True,False,50
ENG001241,CAMP0044,HCP0068,REP008,T008,2026-04-26,Digital Ad,Attended,True,False,True,22
ENG001242,CAMP0044,HCP0368,REP020,T008,2026-04-29,Webinar,Clicked Link,True,False,False,93
ENG001243,CAMP0044,HCP0464,REP020,T008,2026-04-22,Email,Downloaded,False,False,True,70
ENG001244,CAMP0044,HCP0116,REP032,T008,2026-03-27,Field Event,Downloaded,True,True,False,43
ENG001245,CAMP0044,HCP0116,REP020,T008,2026-03-31,Digital Ad,Downloaded,True,True,True,53
ENG001246,CAMP0044,HCP0260,REP020,T008,2026-04-19,Webinar,Downloaded,True,True,True,91
ENG001247,CAMP0044,HCP0068,REP032,T008,2026-03-28,Digital Ad,Clicked Link,True,True,False,19
ENG001248,CAMP0044,HCP0260,REP008,T008,2026-04-25,Field Event,Attended,False,False,False,68
ENG001249,CAMP0044,HCP0248,REP032,T008,2026-04-21,Digital Ad,Downloaded,True,True,True,60
ENG001250,CAMP0044,HCP0464,REP008,T008,2026-04-16,Digital Ad,Registered,False,False,False,97
ENG001251,CAMP0044,HCP0248,REP032,T008,2026-03-25,Email,Downloaded,True,False,False,12
ENG001252,CAMP0044,HCP0260,REP020,T008,2026-03-25,Digital Ad,Downloaded,True,True,False,96
ENG001253,CAMP0044,HCP0260,REP020,T008,2026-03-22,Webinar,Registered,True,False,True,22
ENG001254,CAMP0044,HCP0068,REP032,T008,2026-04-27,Field Event,Registered,True,False,False,15
ENG001255,CAMP0044,HCP0248,REP020,T008,2026-04-20,Email,Downloaded,False,False,False,92
ENG001256,CAMP0044,HCP0068,REP020,T008,2026-04-06,Digital Ad,Attended,False,False,False,73
ENG001257,CAMP0044,HCP0116,REP008,T008,2026-04-22,Field Event,Opened Content,True,True,False,58
ENG001258,CAMP0044,HCP0260,REP008,T008,2026-04-16,Webinar,Clicked Link,True,False,False,80
ENG001259,CAMP0044,HCP0368,REP020,T008,2026-04-12,Email,Downloaded,True,False,False,51
ENG001260,CAMP0044,HCP0260,REP032,T008,2026-04-28,Webinar,Clicked Link,True,True,False,64
ENG001261,CAMP0044,HCP0368,REP020,T008,2026-04-12,Digital Ad,Clicked Link,False,False,False,2
ENG001262,CAMP0044,HCP0068,REP032,T008,2026-04-04,Email,Clicked Link,False,False,True,38
ENG001263,CAMP0044,HCP0068,REP032,T008,2026-04-01,Digital Ad,Downloaded,True,False,False,6
ENG001264,CAMP0045,HCP0165,REP009,T009,2026-05-05,Digital Ad,Downloaded,True,True,False,45
ENG001265,CAMP0045,HCP0489,REP021,T009,2026-04-15,Digital Ad,Attended,False,False,True,99
ENG001266,CAMP0045,HCP0297,REP033,T009,2026-04-01,Field Event,Downloaded,True,False,True,78
ENG001267,CAMP0045,HCP0153,REP009,T009,2026-04-25,Field Event,Clicked Link,True,False,False,43
ENG001268,CAMP0045,HCP0201,REP033,T009,2026-04-08,Digital Ad,Downloaded,False,False,True,85
ENG001269,CAMP0045,HCP0417,REP033,T009,2026-04-30,Field Event,Opened Content,True,True,True,66
ENG001270,CAMP0045,HCP0453,REP021,T009,2026-04-30,Email,Clicked Link,False,False,False,37
ENG001271,CAMP0045,HCP0129,REP021,T009,2026-04-20,Digital Ad,Registered,True,False,False,76
ENG001272,CAMP0045,HCP0129,REP021,T009,2026-05-17,Email,Registered,True,False,False,39
ENG001273,CAMP0045,HCP0429,REP033,T009,2026-04-10,Email,Opened Content,True,True,False,62
ENG001274,CAMP0045,HCP0465,REP021,T009,2026-04-02,Field Event,Downloaded,True,True,True,25
ENG001275,CAMP0045,HCP0297,REP009,T009,2026-05-16,Webinar,Clicked Link,True,False,False,10
ENG001276,CAMP0045,HCP0129,REP033,T009,2026-04-29,Field Event,Clicked Link,False,False,True,31
ENG001277,CAMP0045,HCP0141,REP021,T009,2026-05-06,Webinar,Attended,True,False,False,20
ENG001278,CAMP0045,HCP0405,REP033,T009,2026-04-09,Digital Ad,Registered,True,False,False,2
ENG001279,CAMP0045,HCP0249,REP009,T009,2026-05-07,Webinar,Clicked Link,True,True,False,70
ENG001280,CAMP0045,HCP0153,REP033,T009,2026-04-07,Field Event,Clicked Link,True,False,False,99
ENG001281,CAMP0045,HCP0105,REP033,T009,2026-05-24,Digital Ad,Attended,True,False,True,24
ENG001282,CAMP0045,HCP0309,REP021,T009,2026-05-13,Field Event,Registered,True,False,False,96
ENG001283,CAMP0045,HCP0021,REP033,T009,2026-05-01,Field Event,Registered,True,False,False,12
ENG001284,CAMP0046,HCP0358,REP010,T010,2026-02-25,Email,Attended,False,False,False,63
ENG001285,CAMP0046,HCP0466,REP010,T010,2026-01-01,Field Event,Registered,True,True,False,61
ENG001286,CAMP0046,HCP0034,REP034,T010,2026-02-27,Webinar,Registered,True,False,True,69
ENG001287,CAMP0046,HCP0046,REP022,T010,2026-02-25,Digital Ad,Clicked Link,False,False,False,52
ENG001288,CAMP0046,HCP0142,REP034,T010,2026-03-24,Webinar,Registered,True,False,True,42
ENG001289,CAMP0046,HCP0010,REP034,T010,2026-01-17,Field Event,Registered,True,True,False,91
ENG001290,CAMP0046,HCP0118,REP010,T010,2026-01-10,Digital Ad,Opened Content,False,False,False,41
ENG001291,CAMP0046,HCP0082,REP010,T010,2026-03-07,Email,Clicked Link,True,True,False,91
ENG001292,CAMP0046,HCP0130,REP034,T010,2026-03-14,Webinar,Attended,True,False,False,12
ENG001293,CAMP0046,HCP0466,REP034,T010,2026-02-22,Webinar,Opened Content,True,True,False,17
ENG001294,CAMP0046,HCP0166,REP034,T010,2026-01-25,Webinar,Attended,True,False,True,23
ENG001295,CAMP0046,HCP0334,REP010,T010,2026-01-04,Email,Attended,True,True,False,39
ENG001296,CAMP0046,HCP0226,REP010,T010,2026-03-04,Field Event,Opened Content,True,True,True,52
ENG001297,CAMP0046,HCP0178,REP010,T010,2026-01-02,Digital Ad,Opened Content,False,False,True,67
ENG001298,CAMP0046,HCP0466,REP022,T010,2026-01-13,Webinar,Clicked Link,True,True,False,84
ENG001299,CAMP0046,HCP0310,REP022,T010,2026-04-04,Digital Ad,Registered,False,False,False,59
ENG001300,CAMP0046,HCP0490,REP022,T010,2026-02-18,Email,Registered,False,False,False,41
ENG001301,CAMP0046,HCP0022,REP034,T010,2026-04-05,Email,Attended,True,True,True,40
ENG001302,CAMP0046,HCP0418,REP034,T010,2026-02-03,Field Event,Attended,True,False,False,11
ENG001303,CAMP0046,HCP0418,REP010,T010,2026-01-30,Email,Downloaded,False,False,False,56
ENG001304,CAMP0046,HCP0190,REP034,T010,2026-01-08,Field Event,Downloaded,True,False,False,14
ENG001305,CAMP0046,HCP0238,REP010,T010,2026-03-17,Webinar,Downloaded,True,False,False,45
ENG001306,CAMP0046,HCP0358,REP034,T010,2026-01-29,Webinar,Opened Content,True,True,True,90
ENG001307,CAMP0046,HCP0082,REP034,T010,2026-02-04,Digital Ad,Attended,True,False,False,25
ENG001308,CAMP0046,HCP0310,REP022,T010,2026-03-06,Field Event,Registered,True,True,True,98
ENG001309,CAMP0046,HCP0178,REP010,T010,2026-02-10,Field Event,Clicked Link,True,True,False,37
ENG001310,CAMP0046,HCP0490,REP022,T010,2026-02-05,Digital Ad,Registered,True,False,True,49
ENG001311,CAMP0047,HCP0179,REP035,T011,2026-01-03,Webinar,Opened Content,False,False,False,74
ENG001312,CAMP0047,HCP0467,REP023,T011,2026-01-25,Digital Ad,Clicked Link,True,False,False,51
ENG001313,CAMP0047,HCP0371,REP011,T011,2026-03-02,Webinar,Clicked Link,True,True,False,34
ENG001314,CAMP0047,HCP0179,REP035,T011,2025-12-21,Digital Ad,Downloaded,False,False,True,37
ENG001315,CAMP0047,HCP0131,REP035,T011,2026-02-19,Field Event,Registered,True,False,False,87
ENG001316,CAMP0047,HCP0167,REP035,T011,2026-02-06,Webinar,Downloaded,True,False,False,64
ENG001317,CAMP0047,HCP0047,REP011,T011,2026-02-15,Webinar,Clicked Link,True,False,False,34
ENG001318,CAMP0047,HCP0383,REP023,T011,2026-01-09,Digital Ad,Clicked Link,True,False,False,89
ENG001319,CAMP0047,HCP0335,REP023,T011,2025-12-22,Digital Ad,Downloaded,False,False,False,57
ENG001320,CAMP0047,HCP0323,REP011,T011,2026-01-11,Field Event,Opened Content,False,False,False,32
ENG001321,CAMP0047,HCP0239,REP035,T011,2026-01-17,Webinar,Registered,True,False,True,47
ENG001322,CAMP0047,HCP0095,REP023,T011,2026-01-30,Digital Ad,Clicked Link,True,False,False,80
ENG001323,CAMP0047,HCP0035,REP023,T011,2026-01-20,Digital Ad,Attended,False,False,False,70
ENG001324,CAMP0047,HCP0467,REP035,T011,2025-12-27,Email,Attended,True,False,False,66
ENG001325,CAMP0047,HCP0263,REP035,T011,2026-02-01,Field Event,Opened Content,True,True,False,18
ENG001326,CAMP0047,HCP0467,REP035,T011,2026-02-25,Digital Ad,Registered,True,False,True,14
ENG001327,CAMP0047,HCP0119,REP023,T011,2026-01-05,Digital Ad,Registered,True,False,True,75
ENG001328,CAMP0047,HCP0323,REP035,T011,2026-01-19,Field Event,Attended,True,False,True,40
ENG001329,CAMP0047,HCP0287,REP035,T011,2026-02-05,Digital Ad,Opened Content,False,False,False,45
ENG001330,CAMP0047,HCP0443,REP011,T011,2026-02-06,Field Event,Clicked Link,True,False,False,52
ENG001331,CAMP0047,HCP0071,REP011,T011,2026-02-02,Digital Ad,Opened Content,False,False,False,55
ENG001332,CAMP0047,HCP0287,REP011,T011,2026-01-06,Field Event,Attended,True,False,True,26
ENG001333,CAMP0047,HCP0455,REP035,T011,2026-02-26,Webinar,Downloaded,True,True,False,69
ENG001334,CAMP0047,HCP0131,REP011,T011,2026-02-22,Field Event,Registered,True,True,True,67
ENG001335,CAMP0047,HCP0059,REP035,T011,2026-02-27,Webinar,Opened Content,False,False,False,56
ENG001336,CAMP0047,HCP0071,REP023,T011,2026-02-16,Email,Opened Content,True,False,False,77
ENG001337,CAMP0047,HCP0491,REP035,T011,2026-02-09,Webinar,Attended,False,False,False,37
ENG001338,CAMP0048,HCP0240,REP012,T012,2025-10-18,Email,Attended,True,True,False,24
ENG001339,CAMP0048,HCP0240,REP036,T012,2025-10-14,Digital Ad,Clicked Link,False,False,False,3
ENG001340,CAMP0048,HCP0300,REP012,T012,2025-10-30,Digital Ad,Clicked Link,True,False,True,43
ENG001341,CAMP0048,HCP0120,REP012,T012,2025-10-10,Field Event,Registered,True,False,False,88
ENG001342,CAMP0048,HCP0192,REP036,T012,2025-11-03,Digital Ad,Attended,True,False,False,46
ENG001343,CAMP0048,HCP0444,REP012,T012,2025-10-10,Webinar,Registered,True,False,False,54
ENG001344,CAMP0048,HCP0240,REP036,T012,2025-10-12,Field Event,Clicked Link,True,True,False,39
ENG001345,CAMP0048,HCP0120,REP012,T012,2025-10-10,Digital Ad,Attended,True,False,False,30
ENG001346,CAMP0048,HCP0096,REP024,T012,2025-10-11,Email,Opened Content,True,True,False,36
ENG001347,CAMP0048,HCP0132,REP036,T012,2025-10-19,Webinar,Opened Content,True,False,False,26
ENG001348,CAMP0048,HCP0132,REP012,T012,2025-10-08,Field Event,Opened Content,True,False,False,93
ENG001349,CAMP0048,HCP0132,REP036,T012,2025-10-26,Digital Ad,Clicked Link,True,False,False,47
ENG001350,CAMP0048,HCP0444,REP024,T012,2025-10-22,Digital Ad,Opened Content,False,False,True,26
ENG001351,CAMP0048,HCP0444,REP024,T012,2025-10-09,Digital Ad,Opened Content,True,True,False,71
ENG001352,CAMP0048,HCP0240,REP024,T012,2025-10-20,Field Event,Clicked Link,True,False,False,55
ENG001353,CAMP0048,HCP0132,REP036,T012,2025-10-29,Field Event,Clicked Link,False,False,False,50
ENG001354,CAMP0048,HCP0120,REP036,T012,2025-10-10,Email,Opened Content,True,False,False,91
ENG001355,CAMP0048,HCP0096,REP012,T012,2025-10-24,Digital Ad,Clicked Link,True,False,False,55
ENG001356,CAMP0048,HCP0120,REP024,T012,2025-10-26,Email,Opened Content,False,False,False,50
ENG001357,CAMP0048,HCP0252,REP012,T012,2025-11-01,Email,Attended,True,False,False,83
ENG001358,CAMP0048,HCP0192,REP024,T012,2025-11-04,Digital Ad,Registered,True,False,False,58
ENG001359,CAMP0048,HCP0300,REP012,T012,2025-10-17,Email,Downloaded,True,False,False,55
ENG001360,CAMP0048,HCP0444,REP036,T012,2025-10-15,Email,Clicked Link,True,True,False,50
ENG001361,CAMP0048,HCP0240,REP024,T012,2025-10-16,Digital Ad,Registered,False,False,False,82
ENG001362,CAMP0048,HCP0120,REP036,T012,2025-10-15,Email,Downloaded,True,True,False,45
ENG001363,CAMP0048,HCP0120,REP012,T012,2025-10-04,Digital Ad,Clicked Link,True,True,False,27
ENG001364,CAMP0048,HCP0252,REP036,T012,2025-10-28,Webinar,Downloaded,True,True,True,94
ENG001365,CAMP0048,HCP0252,REP024,T012,2025-11-04,Webinar,Registered,True,True,True,35
ENG001366,CAMP0048,HCP0120,REP024,T012,2025-10-13,Webinar,Registered,True,False,True,81
ENG001367,CAMP0048,HCP0300,REP012,T012,2025-11-01,Field Event,Downloaded,True,False,False,8
ENG001368,CAMP0048,HCP0240,REP012,T012,2025-11-01,Field Event,Downloaded,True,False,False,82
ENG001369,CAMP0048,HCP0300,REP036,T012,2025-10-11,Field Event,Attended,True,True,False,79
ENG001370,CAMP0048,HCP0192,REP036,T012,2025-10-08,Field Event,Attended,False,False,False,20
ENG001371,CAMP0049,HCP0469,REP001,T001,2026-03-15,Email,Opened Content,True,False,False,92
ENG001372,CAMP0049,HCP0001,REP001,T001,2026-01-18,Webinar,Registered,True,False,False,8
ENG001373,CAMP0049,HCP0181,REP037,T001,2026-01-01,Digital Ad,Clicked Link,True,False,False,10
ENG001374,CAMP0049,HCP0181,REP025,T001,2025-12-13,Webinar,Attended,True,True,False,61
ENG001375,CAMP0049,HCP0073,REP025,T001,2026-02-11,Field Event,Attended,True,False,False,85
ENG001376,CAMP0049,HCP0133,REP001,T001,2026-01-15,Field Event,Attended,True,True,False,36
ENG001377,CAMP0049,HCP0265,REP001,T001,2026-03-01,Email,Attended,True,True,True,98
ENG001378,CAMP0049,HCP0277,REP001,T001,2025-12-29,Digital Ad,Opened Content,True,False,False,59
ENG001379,CAMP0049,HCP0073,REP025,T001,2025-12-30,Digital Ad,Opened Content,True,False,False,3
ENG001380,CAMP0049,HCP0181,REP025,T001,2026-02-28,Webinar,Attended,True,False,False,57
ENG001381,CAMP0049,HCP0469,REP013,T001,2026-03-02,Digital Ad,Attended,True,False,False,51
ENG001382,CAMP0049,HCP0289,REP001,T001,2025-12-21,Field Event,Downloaded,False,False,False,63
ENG001383,CAMP0049,HCP0085,REP013,T001,2026-03-04,Webinar,Registered,False,False,False,81
ENG001384,CAMP0049,HCP0073,REP037,T001,2026-01-20,Field Event,Downloaded,True,False,False,24
ENG001385,CAMP0049,HCP0409,REP001,T001,2025-12-31,Email,Opened Content,False,False,True,29
ENG001386,CAMP0049,HCP0265,REP037,T001,2025-12-13,Digital Ad,Clicked Link,False,False,False,78
ENG001387,CAMP0049,HCP0409,REP025,T001,2026-01-08,Digital Ad,Opened Content,True,True,False,1
ENG001388,CAMP0049,HCP0073,REP037,T001,2026-02-18,Webinar,Downloaded,False,False,False,57
ENG001389,CAMP0049,HCP0133,REP037,T001,2026-03-19,Field Event,Registered,True,False,False,62
ENG001390,CAMP0049,HCP0325,REP037,T001,2026-02-08,Email,Downloaded,True,False,False,71
ENG001391,CAMP0049,HCP0049,REP001,T001,2025-12-20,Email,Opened Content,True,True,False,81
ENG001392,CAMP0049,HCP0085,REP025,T001,2025-12-27,Digital Ad,Clicked Link,False,False,False,57
ENG001393,CAMP0049,HCP0133,REP037,T001,2025-12-19,Webinar,Clicked Link,True,False,False,18
ENG001394,CAMP0049,HCP0181,REP013,T001,2026-03-08,Field Event,Registered,True,True,False,26
ENG001395,CAMP0049,HCP0325,REP025,T001,2025-12-30,Field Event,Registered,True,False,False,11
ENG001396,CAMP0049,HCP0073,REP025,T001,2026-01-05,Webinar,Attended,False,False,False,77
ENG001397,CAMP0050,HCP0422,REP026,T002,2026-03-31,Field Event,Opened Content,True,False,False,7
ENG001398,CAMP0050,HCP0134,REP014,T002,2026-04-20,Webinar,Downloaded,True,True,True,19
ENG001399,CAMP0050,HCP0326,REP002,T002,2026-03-17,Webinar,Registered,True,False,True,46
ENG001400,CAMP0050,HCP0350,REP038,T002,2026-03-23,Digital Ad,Registered,True,False,False,16
ENG001401,CAMP0050,HCP0098,REP026,T002,2026-03-26,Email,Registered,True,False,False,61
ENG001402,CAMP0050,HCP0146,REP038,T002,2026-03-27,Webinar,Clicked Link,False,False,False,55
ENG001403,CAMP0050,HCP0098,REP038,T002,2026-03-27,Field Event,Clicked Link,True,False,False,83
ENG001404,CAMP0050,HCP0254,REP038,T002,2026-04-26,Digital Ad,Registered,True,True,True,10
ENG001405,CAMP0050,HCP0278,REP026,T002,2026-03-13,Email,Attended,True,False,True,7
ENG001406,CAMP0050,HCP0062,REP026,T002,2026-03-19,Digital Ad,Opened Content,True,True,True,82
ENG001407,CAMP0050,HCP0242,REP014,T002,2026-03-08,Email,Clicked Link,True,False,False,60
ENG001408,CAMP0050,HCP0050,REP002,T002,2026-04-23,Email,Clicked Link,True,True,False,68
ENG001409,CAMP0050,HCP0290,REP002,T002,2026-03-31,Email,Clicked Link,False,False,True,6
ENG001410,CAMP0050,HCP0302,REP014,T002,2026-03-29,Email,Opened Content,True,False,False,85
ENG001411,CAMP0050,HCP0422,REP002,T002,2026-03-19,Field Event,Downloaded,False,False,False,27
ENG001412,CAMP0050,HCP0482,REP002,T002,2026-04-15,Webinar,Opened Content,True,True,False,46
ENG001413,CAMP0050,HCP0062,REP002,T002,2026-03-23,Digital Ad,Registered,True,False,False,92
ENG001414,CAMP0050,HCP0134,REP026,T002,2026-03-23,Email,Attended,True,False,False,51
ENG001415,CAMP0050,HCP0110,REP038,T002,2026-03-14,Digital Ad,Clicked Link,True,True,False,77
ENG001416,CAMP0050,HCP0278,REP038,T002,2026-03-08,Email,Opened Content,False,False,True,63
ENG001417,CAMP0050,HCP0410,REP026,T002,2026-04-12,Email,Opened Content,True,True,False,45
ENG001418,CAMP0050,HCP0254,REP026,T002,2026-03-16,Email,Opened Content,False,False,False,68
ENG001419,CAMP0050,HCP0230,REP002,T002,2026-03-25,Webinar,Clicked Link,True,False,False,33
ENG001420,CAMP0050,HCP0338,REP002,T002,2026-04-18,Digital Ad,Clicked Link,True,True,False,46
ENG001421,CAMP0051,HCP0411,REP027,T003,2025-06-19,Field Event,Registered,True,False,False,77
ENG001422,CAMP0051,HCP0195,REP015,T003,2025-07-07,Email,Attended,True,False,False,53
ENG001423,CAMP0051,HCP0351,REP039,T003,2025-07-16,Digital Ad,Registered,True,True,False,71
ENG001424,CAMP0051,HCP0423,REP003,T003,2025-08-28,Field Event,Clicked Link,True,False,False,74
ENG001425,CAMP0051,HCP0363,REP003,T003,2025-06-24,Field Event,Registered,False,False,False,74
ENG001426,CAMP0051,HCP0411,REP027,T003,2025-07-17,Digital Ad,Downloaded,True,True,False,69
ENG001427,CAMP0051,HCP0243,REP003,T003,2025-08-20,Digital Ad,Attended,True,True,False,44
ENG001428,CAMP0051,HCP0243,REP003,T003,2025-08-21,Field Event,Attended,True,True,False,58
ENG001429,CAMP0051,HCP0495,REP015,T003,2025-07-22,Webinar,Opened Content,True,False,True,33
ENG001430,CAMP0051,HCP0495,REP039,T003,2025-07-22,Email,Clicked Link,True,True,False,18
ENG001431,CAMP0051,HCP0423,REP039,T003,2025-07-22,Email,Registered,True,False,False,21
ENG001432,CAMP0051,HCP0495,REP027,T003,2025-08-13,Digital Ad,Opened Content,True,False,False,90
ENG001433,CAMP0051,HCP0255,REP003,T003,2025-08-18,Digital Ad,Clicked Link,True,True,False,42
ENG001434,CAMP0051,HCP0243,REP039,T003,2025-09-03,Webinar,Opened Content,True,True,False,38
ENG001435,CAMP0051,HCP0411,REP015,T003,2025-08-01,Field Event,Attended,True,False,False,54
ENG001436,CAMP0051,HCP0111,REP039,T003,2025-08-09,Email,Attended,False,False,False,24
ENG001437,CAMP0051,HCP0351,REP015,T003,2025-08-04,Field Event,Downloaded,False,False,False,34
ENG001438,CAMP0051,HCP0303,REP003,T003,2025-06-23,Digital Ad,Opened Content,True,True,False,26
ENG001439,CAMP0051,HCP0363,REP015,T003,2025-07-23,Field Event,Opened Content,True,False,True,95
ENG001440,CAMP0051,HCP0423,REP027,T003,2025-06-24,Email,Clicked Link,True,True,False,96
ENG001441,CAMP0051,HCP0195,REP027,T003,2025-06-27,Webinar,Clicked Link,True,True,False,15
ENG001442,CAMP0051,HCP0423,REP027,T003,2025-06-21,Field Event,Downloaded,True,True,False,53
ENG001443,CAMP0051,HCP0363,REP039,T003,2025-07-26,Webinar,Opened Content,False,False,False,43
ENG001444,CAMP0051,HCP0411,REP015,T003,2025-07-12,Field Event,Registered,True,False,False,18
ENG001445,CAMP0051,HCP0231,REP015,T003,2025-08-14,Digital Ad,Registered,True,False,False,18
ENG001446,CAMP0051,HCP0495,REP039,T003,2025-07-02,Field Event,Registered,True,False,False,15
ENG001447,CAMP0051,HCP0243,REP003,T003,2025-07-08,Digital Ad,Attended,True,False,False,72
ENG001448,CAMP0051,HCP0195,REP039,T003,2025-08-20,Email,Opened Content,False,False,False,26
ENG001449,CAMP0051,HCP0255,REP003,T003,2025-06-08,Email,Clicked Link,True,True,False,58
ENG001450,CAMP0051,HCP0243,REP027,T003,2025-07-16,Email,Registered,True,False,False,46
ENG001451,CAMP0051,HCP0243,REP027,T003,2025-08-01,Webinar,Registered,False,False,False,21
ENG001452,CAMP0051,HCP0351,REP027,T003,2025-08-23,Field Event,Downloaded,True,True,True,57
ENG001453,CAMP0051,HCP0351,REP039,T003,2025-08-07,Field Event,Downloaded,False,False,False,37
ENG001454,CAMP0051,HCP0351,REP015,T003,2025-07-13,Field Event,Opened Content,False,False,False,85
ENG001455,CAMP0051,HCP0195,REP039,T003,2025-06-27,Digital Ad,Clicked Link,False,False,False,37
ENG001456,CAMP0051,HCP0195,REP015,T003,2025-07-02,Field Event,Attended,True,False,False,96
ENG001457,CAMP0051,HCP0111,REP027,T003,2025-08-28,Field Event,Registered,True,False,False,75
ENG001458,CAMP0051,HCP0363,REP027,T003,2025-07-16,Email,Attended,True,False,False,50
ENG001459,CAMP0052,HCP0196,REP028,T004,2025-04-12,Webinar,Opened Content,True,True,True,58
ENG001460,CAMP0052,HCP0160,REP016,T004,2025-04-16,Email,Registered,True,False,False,51
ENG001461,CAMP0052,HCP0100,REP028,T004,2025-04-04,Digital Ad,Opened Content,False,False,False,55
ENG001462,CAMP0052,HCP0112,REP040,T004,2025-03-24,Email,Opened Content,True,True,False,82
ENG001463,CAMP0052,HCP0448,REP016,T004,2025-04-12,Email,Attended,True,False,False,15
ENG001464,CAMP0052,HCP0472,REP040,T004,2025-04-06,Digital Ad,Clicked Link,True,False,False,66
ENG001465,CAMP0052,HCP0088,REP028,T004,2025-04-17,Email,Opened Content,False,False,False,78
ENG001466,CAMP0052,HCP0364,REP004,T004,2025-04-20,Webinar,Attended,True,True,False,73
ENG001467,CAMP0052,HCP0424,REP016,T004,2025-04-03,Email,Opened Content,False,False,False,21
ENG001468,CAMP0052,HCP0136,REP028,T004,2025-04-01,Field Event,Opened Content,True,False,True,54
ENG001469,CAMP0052,HCP0220,REP028,T004,2025-03-22,Webinar,Registered,True,True,False,15
ENG001470,CAMP0052,HCP0400,REP004,T004,2025-03-20,Email,Clicked Link,False,False,False,54
ENG001471,CAMP0052,HCP0136,REP028,T004,2025-04-07,Webinar,Attended,True,False,True,2
ENG001472,CAMP0052,HCP0028,REP016,T004,2025-04-08,Webinar,Attended,False,False,True,45
ENG001473,CAMP0052,HCP0268,REP028,T004,2025-03-25,Digital Ad,Downloaded,True,False,False,61
ENG001474,CAMP0052,HCP0364,REP040,T004,2025-03-20,Webinar,Registered,True,False,False,50
ENG001475,CAMP0052,HCP0112,REP016,T004,2025-04-03,Email,Attended,True,False,False,63
ENG001476,CAMP0052,HCP0028,REP028,T004,2025-03-20,Digital Ad,Clicked Link,True,False,False,85
ENG001477,CAMP0052,HCP0304,REP016,T004,2025-03-25,Field Event,Opened Content,True,True,True,85
ENG001478,CAMP0052,HCP0460,REP040,T004,2025-04-14,Field Event,Clicked Link,True,False,False,77
ENG001479,CAMP0052,HCP0436,REP040,T004,2025-04-17,Field Event,Opened Content,True,True,True,99
ENG001480,CAMP0052,HCP0292,REP028,T004,2025-04-17,Field Event,Opened Content,True,True,False,10
ENG001481,CAMP0052,HCP0340,REP028,T004,2025-04-14,Field Event,Attended,False,False,False,87
ENG001482,CAMP0052,HCP0412,REP004,T004,2025-04-17,Email,Attended,True,True,True,28
ENG001483,CAMP0052,HCP0448,REP028,T004,2025-04-11,Webinar,Clicked Link,True,False,False,69
ENG001484,CAMP0052,HCP0412,REP004,T004,2025-03-29,Email,Clicked Link,True,True,True,41
ENG001485,CAMP0052,HCP0280,REP040,T004,2025-03-28,Webinar,Attended,False,False,False,6
ENG001486,CAMP0052,HCP0040,REP016,T004,2025-03-30,Digital Ad,Opened Content,False,False,False,76
ENG001487,CAMP0052,HCP0364,REP004,T004,2025-03-26,Webinar,Attended,True,True,False,15
ENG001488,CAMP0052,HCP0316,REP028,T004,2025-04-18,Webinar,Opened Content,True,True,True,49
ENG001489,CAMP0052,HCP0316,REP004,T004,2025-03-31,Email,Opened Content,True,True,False,57
ENG001490,CAMP0052,HCP0316,REP028,T004,2025-04-21,Webinar,Clicked Link,True,True,False,38
ENG001491,CAMP0052,HCP0172,REP040,T004,2025-04-01,Field Event,Registered,True,True,False,63
ENG001492,CAMP0052,HCP0256,REP004,T004,2025-04-04,Email,Registered,True,False,False,58
ENG001493,CAMP0052,HCP0388,REP004,T004,2025-03-18,Webinar,Attended,True,False,False,98
ENG001494,CAMP0052,HCP0064,REP004,T004,2025-03-20,Webinar,Attended,True,False,False,23
ENG001495,CAMP0052,HCP0256,REP016,T004,2025-03-23,Webinar,Registered,False,False,True,45
ENG001496,CAMP0052,HCP0052,REP040,T004,2025-03-26,Field Event,Registered,True,False,True,74
ENG001497,CAMP0052,HCP0472,REP004,T004,2025-04-06,Digital Ad,Clicked Link,True,True,False,53
ENG001498,CAMP0052,HCP0280,REP004,T004,2025-03-23,Field Event,Clicked Link,False,False,False,93
ENG001499,CAMP0053,HCP0473,REP017,T005,2025-02-08,Webinar,Opened Content,True,True,False,21
ENG001500,CAMP0053,HCP0305,REP017,T005,2025-03-10,Digital Ad,Registered,True,True,False,21
ENG001501,CAMP0053,HCP0041,REP029,T005,2025-02-10,Digital Ad,Opened Content,True,True,True,48
ENG001502,CAMP0053,HCP0401,REP005,T005,2025-02-25,Email,Opened Content,True,False,False,67
ENG001503,CAMP0053,HCP0281,REP017,T005,2025-01-30,Field Event,Registered,True,False,False,61
ENG001504,CAMP0053,HCP0209,REP029,T005,2025-01-31,Field Event,Clicked Link,True,False,False,58
ENG001505,CAMP0053,HCP0293,REP017,T005,2025-02-25,Digital Ad,Attended,False,False,False,81
ENG001506,CAMP0053,HCP0293,REP029,T005,2025-03-28,Webinar,Downloaded,False,False,False,100
ENG001507,CAMP0053,HCP0209,REP017,T005,2025-03-16,Field Event,Attended,False,False,False,91
ENG001508,CAMP0053,HCP0209,REP029,T005,2025-03-02,Email,Opened Content,False,False,False,13
ENG001509,CAMP0053,HCP0005,REP005,T005,2025-03-19,Email,Attended,True,False,False,99
ENG001510,CAMP0053,HCP0041,REP017,T005,2025-02-24,Field Event,Opened Content,True,False,False,13
ENG001511,CAMP0053,HCP0305,REP005,T005,2025-03-25,Field Event,Opened Content,False,False,True,31
ENG001512,CAMP0053,HCP0305,REP017,T005,2025-01-28,Email,Opened Content,True,False,False,14
ENG001513,CAMP0053,HCP0041,REP005,T005,2025-02-21,Field Event,Registered,True,True,False,46
ENG001514,CAMP0053,HCP0473,REP005,T005,2025-03-02,Field Event,Attended,False,False,False,88
ENG001515,CAMP0053,HCP0473,REP017,T005,2025-03-25,Field Event,Clicked Link,True,False,True,77
ENG001516,CAMP0053,HCP0041,REP029,T005,2025-01-31,Email,Opened Content,False,False,False,89
ENG001517,CAMP0053,HCP0293,REP005,T005,2025-03-21,Digital Ad,Opened Content,True,False,False,18
ENG001518,CAMP0053,HCP0305,REP005,T005,2025-03-15,Email,Opened Content,True,False,False,78
ENG001519,CAMP0053,HCP0005,REP005,T005,2025-03-24,Field Event,Attended,False,False,False,49
ENG001520,CAMP0053,HCP0209,REP005,T005,2025-02-28,Digital Ad,Registered,True,False,True,54
ENG001521,CAMP0053,HCP0473,REP005,T005,2025-03-17,Digital Ad,Registered,True,False,False,16
ENG001522,CAMP0053,HCP0401,REP005,T005,2025-03-23,Email,Opened Content,True,False,False,77
ENG001523,CAMP0053,HCP0221,REP005,T005,2025-03-13,Webinar,Downloaded,True,False,True,92
ENG001524,CAMP0053,HCP0041,REP017,T005,2025-02-04,Digital Ad,Opened Content,True,True,False,45
ENG001525,CAMP0053,HCP0029,REP017,T005,2025-03-11,Digital Ad,Attended,True,True,True,82
ENG001526,CAMP0053,HCP0473,REP029,T005,2025-02-07,Digital Ad,Clicked Link,True,True,False,61
ENG001527,CAMP0053,HCP0293,REP017,T005,2025-02-01,Webinar,Registered,True,True,False,79
ENG001528,CAMP0053,HCP0029,REP029,T005,2025-03-24,Email,Attended,True,True,True,1
ENG001529,CAMP0053,HCP0209,REP029,T005,2025-02-21,Digital Ad,Clicked Link,True,False,False,13
ENG001530,CAMP0053,HCP0041,REP005,T005,2025-01-28,Field Event,Opened Content,True,False,False,88
ENG001531,CAMP0053,HCP0209,REP005,T005,2025-01-22,Field Event,Downloaded,True,False,False,19
ENG001532,CAMP0053,HCP0473,REP017,T005,2025-02-15,Webinar,Clicked Link,True,False,False,7
ENG001533,CAMP0053,HCP0401,REP005,T005,2025-02-13,Field Event,Registered,True,False,False,95
ENG001534,CAMP0053,HCP0041,REP017,T005,2025-03-08,Digital Ad,Opened Content,True,True,False,16
ENG001535,CAMP0053,HCP0473,REP017,T005,2025-03-04,Webinar,Opened Content,False,False,False,55
ENG001536,CAMP0053,HCP0005,REP005,T005,2025-02-11,Webinar,Downloaded,True,True,True,4
ENG001537,CAMP0054,HCP0270,REP018,T006,2025-12-08,Field Event,Downloaded,False,False,False,38
ENG001538,CAMP0054,HCP0438,REP018,T006,2025-09-08,Field Event,Attended,False,False,False,88
ENG001539,CAMP0054,HCP0318,REP018,T006,2025-12-16,Email,Opened Content,True,False,True,50
ENG001540,CAMP0054,HCP0462,REP006,T006,2025-12-13,Email,Downloaded,False,False,True,91
ENG001541,CAMP0054,HCP0318,REP006,T006,2025-10-08,Webinar,Attended,True,False,False,31
ENG001542,CAMP0054,HCP0162,REP006,T006,2025-12-03,Email,Attended,True,False,False,43
ENG001543,CAMP0054,HCP0486,REP018,T006,2025-12-01,Email,Downloaded,True,False,True,14
ENG001544,CAMP0054,HCP0222,REP006,T006,2025-09-02,Webinar,Downloaded,True,False,False,16
ENG001545,CAMP0054,HCP0270,REP006,T006,2025-10-24,Digital Ad,Opened Content,True,False,False,68
ENG001546,CAMP0054,HCP0114,REP018,T006,2025-09-16,Email,Opened Content,False,False,False,50
ENG001547,CAMP0054,HCP0486,REP030,T006,2025-09-07,Webinar,Opened Content,True,True,False,31
ENG001548,CAMP0054,HCP0438,REP018,T006,2025-12-12,Field Event,Registered,True,False,True,62
ENG001549,CAMP0054,HCP0294,REP018,T006,2025-10-14,Field Event,Downloaded,True,False,True,64
ENG001550,CAMP0054,HCP0114,REP006,T006,2025-12-18,Digital Ad,Clicked Link,False,False,False,1
ENG001551,CAMP0054,HCP0066,REP006,T006,2025-12-06,Webinar,Registered,False,False,False,95
ENG001552,CAMP0054,HCP0114,REP018,T006,2025-10-01,Field Event,Opened Content,True,True,False,39
ENG001553,CAMP0054,HCP0270,REP018,T006,2025-09-25,Email,Attended,True,False,False,54
ENG001554,CAMP0054,HCP0066,REP018,T006,2025-11-15,Digital Ad,Downloaded,True,False,False,26
ENG001555,CAMP0054,HCP0270,REP018,T006,2025-09-14,Email,Registered,True,False,True,47
ENG001556,CAMP0054,HCP0090,REP030,T006,2025-09-06,Email,Opened Content,True,False,False,48
ENG001557,CAMP0054,HCP0162,REP018,T006,2025-09-29,Email,Attended,True,False,False,5
ENG001558,CAMP0054,HCP0150,REP030,T006,2025-10-09,Email,Registered,True,False,False,19
ENG001559,CAMP0054,HCP0270,REP006,T006,2025-09-27,Field Event,Clicked Link,False,False,False,41
ENG001560,CAMP0054,HCP0378,REP030,T006,2025-10-06,Email,Downloaded,True,True,True,17
ENG001561,CAMP0054,HCP0114,REP018,T006,2025-11-01,Field Event,Downloaded,True,False,False,32
ENG001562,CAMP0055,HCP0379,REP031,T007,2025-04-14,Field Event,Registered,False,False,True,66
ENG001563,CAMP0055,HCP0487,REP031,T007,2025-03-29,Digital Ad,Opened Content,True,False,False,55
ENG001564,CAMP0055,HCP0283,REP019,T007,2025-03-17,Webinar,Opened Content,False,False,False,92
ENG001565,CAMP0055,HCP0283,REP031,T007,2025-03-24,Digital Ad,Opened Content,True,False,False,46
ENG001566,CAMP0055,HCP0079,REP007,T007,2025-04-07,Email,Downloaded,False,False,False,17
ENG001567,CAMP0055,HCP0283,REP031,T007,2025-03-31,Field Event,Opened Content,True,True,False,86
ENG001568,CAMP0055,HCP0319,REP007,T007,2025-04-11,Field Event,Downloaded,True,False,False,48
ENG001569,CAMP0055,HCP0487,REP031,T007,2025-03-26,Digital Ad,Opened Content,True,False,False,11
ENG001570,CAMP0055,HCP0283,REP007,T007,2025-03-22,Field Event,Registered,False,False,False,14
ENG001571,CAMP0055,HCP0259,REP007,T007,2025-04-10,Webinar,Attended,True,False,False,95
ENG001572,CAMP0055,HCP0463,REP019,T007,2025-03-15,Digital Ad,Clicked Link,True,True,False,55
ENG001573,CAMP0055,HCP0259,REP007,T007,2025-04-22,Digital Ad,Registered,False,False,False,17
ENG001574,CAMP0055,HCP0319,REP007,T007,2025-04-11,Email,Clicked Link,True,True,False,87
ENG001575,CAMP0055,HCP0379,REP007,T007,2025-04-16,Webinar,Registered,False,False,False,12
ENG001576,CAMP0055,HCP0211,REP007,T007,2025-04-14,Field Event,Clicked Link,True,True,False,21
ENG001577,CAMP0055,HCP0295,REP007,T007,2025-03-09,Digital Ad,Attended,True,False,False,9
ENG001578,CAMP0055,HCP0343,REP019,T007,2025-04-09,Digital Ad,Clicked Link,False,False,False,43
ENG001579,CAMP0055,HCP0295,REP019,T007,2025-03-28,Digital Ad,Opened Content,True,False,False,32
ENG001580,CAMP0055,HCP0415,REP031,T007,2025-03-24,Email,Attended,True,False,False,74
ENG001581,CAMP0055,HCP0079,REP031,T007,2025-03-17,Field Event,Clicked Link,False,False,False,100
ENG001582,CAMP0055,HCP0427,REP031,T007,2025-04-21,Digital Ad,Downloaded,True,True,False,66
ENG001583,CAMP0055,HCP0427,REP019,T007,2025-04-20,Email,Downloaded,True,False,False,49
ENG001584,CAMP0055,HCP0463,REP007,T007,2025-03-19,Field Event,Attended,True,True,False,4
ENG001585,CAMP0055,HCP0211,REP019,T007,2025-04-19,Email,Clicked Link,False,False,True,59
ENG001586,CAMP0055,HCP0319,REP007,T007,2025-04-11,Webinar,Downloaded,False,False,False,11
ENG001587,CAMP0055,HCP0415,REP019,T007,2025-03-30,Webinar,Opened Content,False,False,False,58
ENG001588,CAMP0055,HCP0343,REP019,T007,2025-04-18,Field Event,Opened Content,True,True,True,27
ENG001589,CAMP0055,HCP0463,REP019,T007,2025-04-13,Email,Attended,False,False,False,24
ENG001590,CAMP0055,HCP0319,REP019,T007,2025-04-03,Field Event,Downloaded,False,False,False,5
ENG001591,CAMP0055,HCP0415,REP019,T007,2025-03-13,Field Event,Attended,False,False,True,4
ENG001592,CAMP0056,HCP0476,REP032,T008,2025-06-04,Field Event,Attended,False,False,True,12
ENG001593,CAMP0056,HCP0128,REP032,T008,2025-07-06,Field Event,Opened Content,True,True,False,73
ENG001594,CAMP0056,HCP0056,REP008,T008,2025-07-05,Digital Ad,Opened Content,True,False,False,66
ENG001595,CAMP0056,HCP0392,REP008,T008,2025-06-07,Field Event,Downloaded,True,False,False,24
ENG001596,CAMP0056,HCP0140,REP020,T008,2025-06-24,Digital Ad,Attended,True,False,True,26
ENG001597,CAMP0056,HCP0188,REP020,T008,2025-07-07,Digital Ad,Downloaded,True,True,False,6
ENG001598,CAMP0056,HCP0140,REP032,T008,2025-06-14,Field Event,Opened Content,True,True,True,79
ENG001599,CAMP0056,HCP0200,REP008,T008,2025-06-18,Field Event,Attended,False,False,False,42
ENG001600,CAMP0056,HCP0080,REP008,T008,2025-07-15,Webinar,Clicked Link,True,False,False,3
ENG001601,CAMP0056,HCP0332,REP008,T008,2025-07-20,Digital Ad,Attended,True,False,False,68
ENG001602,CAMP0056,HCP0152,REP032,T008,2025-07-08,Email,Downloaded,True,True,False,56
ENG001603,CAMP0056,HCP0476,REP008,T008,2025-06-21,Webinar,Attended,False,False,True,12
ENG001604,CAMP0056,HCP0344,REP008,T008,2025-06-26,Digital Ad,Downloaded,True,False,False,66
ENG001605,CAMP0056,HCP0308,REP032,T008,2025-06-06,Digital Ad,Registered,True,False,False,23
ENG001606,CAMP0056,HCP0320,REP032,T008,2025-07-20,Field Event,Clicked Link,True,False,False,21
ENG001607,CAMP0056,HCP0440,REP008,T008,2025-07-03,Digital Ad,Downloaded,True,False,False,20
ENG001608,CAMP0056,HCP0440,REP032,T008,2025-06-11,Webinar,Downloaded,False,False,False,16
ENG001609,CAMP0056,HCP0356,REP020,T008,2025-07-14,Field Event,Downloaded,True,True,False,87
ENG001610,CAMP0056,HCP0188,REP008,T008,2025-06-16,Digital Ad,Attended,False,False,False,19
ENG001611,CAMP0056,HCP0272,REP032,T008,2025-07-01,Field Event,Opened Content,True,False,False,39
ENG001612,CAMP0056,HCP0200,REP020,T008,2025-07-07,Webinar,Clicked Link,False,False,False,7
ENG001613,CAMP0056,HCP0356,REP020,T008,2025-06-11,Field Event,Clicked Link,False,False,False,37
ENG001614,CAMP0056,HCP0080,REP032,T008,2025-06-28,Field Event,Clicked Link,True,True,False,16
ENG001615,CAMP0056,HCP0152,REP008,T008,2025-06-05,Email,Downloaded,True,False,False,21
ENG001616,CAMP0056,HCP0176,REP020,T008,2025-07-06,Field Event,Clicked Link,False,False,True,83
ENG001617,CAMP0056,HCP0440,REP020,T008,2025-07-03,Email,Clicked Link,False,False,True,99
ENG001618,CAMP0056,HCP0056,REP008,T008,2025-07-11,Email,Attended,True,True,False,29
ENG001619,CAMP0057,HCP0153,REP033,T009,2025-08-13,Digital Ad,Opened Content,True,False,False,11
ENG001620,CAMP0057,HCP0285,REP021,T009,2025-10-04,Webinar,Downloaded,True,True,False,92
ENG001621,CAMP0057,HCP0285,REP033,T009,2025-08-27,Digital Ad,Clicked Link,True,True,False,98
ENG001622,CAMP0057,HCP0489,REP021,T009,2025-10-13,Field Event,Registered,True,False,False,65
ENG001623,CAMP0057,HCP0453,REP009,T009,2025-09-25,Field Event,Clicked Link,False,False,False,86
ENG001624,CAMP0057,HCP0441,REP009,T009,2025-08-12,Field Event,Downloaded,False,False,False,2
ENG001625,CAMP0057,HCP0285,REP033,T009,2025-10-21,Email,Clicked Link,True,True,True,52
ENG001626,CAMP0057,HCP0453,REP033,T009,2025-10-16,Webinar,Opened Content,True,False,False,40
ENG001627,CAMP0057,HCP0177,REP021,T009,2025-09-06,Field Event,Opened Content,True,False,False,81
ENG001628,CAMP0057,HCP0285,REP021,T009,2025-11-04,Webinar,Downloaded,True,False,False,87
ENG001629,CAMP0057,HCP0441,REP033,T009,2025-09-08,Email,Attended,False,False,True,93
ENG001630,CAMP0057,HCP0285,REP009,T009,2025-11-06,Digital Ad,Attended,True,False,False,40
ENG001631,CAMP0057,HCP0285,REP009,T009,2025-10-14,Field Event,Attended,True,True,True,66
ENG001632,CAMP0057,HCP0153,REP033,T009,2025-08-04,Field Event,Clicked Link,True,False,False,57
ENG001633,CAMP0057,HCP0441,REP021,T009,2025-09-28,Email,Attended,False,False,False,50
ENG001634,CAMP0057,HCP0249,REP033,T009,2025-08-06,Field Event,Downloaded,True,False,False,12
ENG001635,CAMP0057,HCP0441,REP009,T009,2025-09-11,Field Event,Registered,True,False,False,17
ENG001636,CAMP0057,HCP0441,REP021,T009,2025-10-19,Email,Opened Content,True,True,False,12
ENG001637,CAMP0057,HCP0249,REP021,T009,2025-08-28,Webinar,Downloaded,False,False,False,89
ENG001638,CAMP0057,HCP0153,REP033,T009,2025-09-05,Field Event,Registered,True,False,False,87
ENG001639,CAMP0057,HCP0489,REP021,T009,2025-09-22,Field Event,Attended,True,False,False,7
ENG001640,CAMP0057,HCP0117,REP009,T009,2025-08-19,Field Event,Attended,False,False,False,91
ENG001641,CAMP0057,HCP0453,REP033,T009,2025-10-03,Email,Clicked Link,True,True,False,47
ENG001642,CAMP0057,HCP0153,REP033,T009,2025-07-31,Digital Ad,Clicked Link,True,True,True,90
ENG001643,CAMP0057,HCP0489,REP033,T009,2025-10-08,Email,Clicked Link,False,False,False,99
ENG001644,CAMP0057,HCP0153,REP009,T009,2025-09-30,Field Event,Attended,True,False,True,72
ENG001645,CAMP0057,HCP0153,REP033,T009,2025-08-24,Email,Downloaded,True,True,False,51
ENG001646,CAMP0058,HCP0058,REP034,T010,2025-07-22,Digital Ad,Clicked Link,False,False,False,7
ENG001647,CAMP0058,HCP0214,REP034,T010,2025-07-29,Webinar,Attended,False,False,True,21
ENG001648,CAMP0058,HCP0214,REP022,T010,2025-08-04,Field Event,Downloaded,True,False,False,6
ENG001649,CAMP0058,HCP0334,REP022,T010,2025-07-25,Webinar,Clicked Link,True,False,False,59
ENG001650,CAMP0058,HCP0370,REP010,T010,2025-07-08,Digital Ad,Clicked Link,True,False,False,92
ENG001651,CAMP0058,HCP0346,REP034,T010,2025-07-07,Digital Ad,Clicked Link,True,False,False,42
ENG001652,CAMP0058,HCP0310,REP034,T010,2025-07-19,Field Event,Attended,True,True,False,76
ENG001653,CAMP0058,HCP0094,REP022,T010,2025-08-02,Field Event,Clicked Link,False,False,False,78
ENG001654,CAMP0058,HCP0406,REP034,T010,2025-07-11,Webinar,Downloaded,True,True,False,70
ENG001655,CAMP0058,HCP0142,REP022,T010,2025-08-02,Digital Ad,Attended,True,False,False,46
ENG001656,CAMP0058,HCP0346,REP022,T010,2025-07-12,Digital Ad,Attended,True,True,False,45
ENG001657,CAMP0058,HCP0190,REP034,T010,2025-07-19,Field Event,Opened Content,False,False,False,9
ENG001658,CAMP0058,HCP0346,REP022,T010,2025-07-30,Email,Opened Content,False,False,False,57
ENG001659,CAMP0058,HCP0442,REP034,T010,2025-08-03,Digital Ad,Attended,False,False,False,15
ENG001660,CAMP0058,HCP0094,REP022,T010,2025-07-05,Digital Ad,Attended,True,False,True,74
ENG001661,CAMP0058,HCP0346,REP034,T010,2025-08-05,Digital Ad,Registered,True,False,True,62
ENG001662,CAMP0058,HCP0334,REP034,T010,2025-07-03,Webinar,Attended,False,False,False,13
ENG001663,CAMP0058,HCP0358,REP010,T010,2025-07-19,Webinar,Registered,False,False,False,44
ENG001664,CAMP0058,HCP0406,REP022,T010,2025-07-29,Webinar,Clicked Link,False,False,False,22
ENG001665,CAMP0058,HCP0214,REP010,T010,2025-07-19,Digital Ad,Attended,True,False,False,93
ENG001666,CAMP0059,HCP0227,REP011,T011,2026-03-24,Field Event,Downloaded,True,True,True,36
ENG001667,CAMP0059,HCP0227,REP023,T011,2026-05-01,Email,Downloaded,True,True,False,43
ENG001668,CAMP0059,HCP0227,REP023,T011,2026-04-02,Email,Clicked Link,True,True,False,68
ENG001669,CAMP0059,HCP0287,REP035,T011,2026-04-10,Email,Opened Content,True,True,False,63
ENG001670,CAMP0059,HCP0275,REP035,T011,2026-04-10,Email,Downloaded,True,False,False,92
ENG001671,CAMP0059,HCP0275,REP023,T011,2026-04-08,Email,Downloaded,False,False,False,97
ENG001672,CAMP0059,HCP0287,REP011,T011,2026-04-20,Digital Ad,Registered,False,False,False,71
ENG001673,CAMP0059,HCP0227,REP035,T011,2026-05-04,Webinar,Opened Content,True,False,False,50
ENG001674,CAMP0059,HCP0383,REP011,T011,2026-04-22,Email,Opened Content,False,False,False,65
ENG001675,CAMP0059,HCP0311,REP035,T011,2026-04-05,Email,Attended,True,False,False,35
ENG001676,CAMP0059,HCP0311,REP035,T011,2026-04-03,Email,Registered,False,False,False,61
ENG001677,CAMP0059,HCP0311,REP011,T011,2026-05-13,Webinar,Opened Content,True,False,False,47
ENG001678,CAMP0059,HCP0383,REP035,T011,2026-03-26,Email,Opened Content,False,False,False,42
ENG001679,CAMP0059,HCP0311,REP023,T011,2026-05-01,Webinar,Registered,False,False,False,11
ENG001680,CAMP0059,HCP0287,REP011,T011,2026-04-08,Digital Ad,Registered,False,False,False,91
ENG001681,CAMP0059,HCP0311,REP023,T011,2026-03-23,Webinar,Downloaded,True,True,False,15
ENG001682,CAMP0059,HCP0227,REP023,T011,2026-05-03,Field Event,Downloaded,True,True,False,82
ENG001683,CAMP0059,HCP0227,REP035,T011,2026-04-20,Digital Ad,Registered,True,True,False,31
ENG001684,CAMP0059,HCP0155,REP023,T011,2026-05-02,Field Event,Attended,True,False,True,9
ENG001685,CAMP0059,HCP0383,REP011,T011,2026-05-12,Field Event,Opened Content,True,False,True,60
ENG001686,CAMP0059,HCP0227,REP023,T011,2026-04-21,Webinar,Registered,True,True,False,82
ENG001687,CAMP0059,HCP0311,REP011,T011,2026-05-10,Digital Ad,Downloaded,True,False,False,17
ENG001688,CAMP0060,HCP0132,REP036,T012,2025-07-14,Digital Ad,Registered,True,True,True,18
ENG001689,CAMP0060,HCP0132,REP024,T012,2025-08-28,Digital Ad,Opened Content,True,False,False,47
ENG001690,CAMP0060,HCP0192,REP024,T012,2025-08-11,Email,Attended,True,True,False,76
ENG001691,CAMP0060,HCP0444,REP024,T012,2025-06-02,Email,Registered,True,True,False,95
ENG001692,CAMP0060,HCP0444,REP012,T012,2025-06-17,Email,Registered,True,False,False,31
ENG001693,CAMP0060,HCP0192,REP012,T012,2025-07-31,Field Event,Clicked Link,True,False,False,37
ENG001694,CAMP0060,HCP0096,REP036,T012,2025-09-07,Field Event,Opened Content,False,False,False,10
ENG001695,CAMP0060,HCP0228,REP012,T012,2025-07-04,Email,Opened Content,False,False,False,36
ENG001696,CAMP0060,HCP0120,REP036,T012,2025-09-14,Digital Ad,Opened Content,True,True,False,75
ENG001697,CAMP0060,HCP0252,REP036,T012,2025-09-02,Email,Downloaded,True,False,False,74
ENG001698,CAMP0060,HCP0228,REP036,T012,2025-07-07,Email,Downloaded,True,True,False,46
ENG001699,CAMP0060,HCP0444,REP024,T012,2025-08-11,Field Event,Clicked Link,True,False,False,62
ENG001700,CAMP0060,HCP0240,REP012,T012,2025-06-20,Webinar,Opened Content,True,True,False,82
ENG001701,CAMP0060,HCP0444,REP024,T012,2025-06-29,Webinar,Downloaded,True,False,True,58
ENG001702,CAMP0060,HCP0132,REP036,T012,2025-09-16,Field Event,Clicked Link,False,False,False,69
ENG001703,CAMP0060,HCP0132,REP024,T012,2025-07-29,Webinar,Opened Content,True,False,False,49
ENG001704,CAMP0060,HCP0132,REP036,T012,2025-06-05,Field Event,Attended,False,False,True,65
ENG001705,CAMP0060,HCP0444,REP036,T012,2025-09-01,Webinar,Attended,True,True,False,72
ENG001706,CAMP0060,HCP0192,REP024,T012,2025-08-07,Field Event,Attended,True,False,False,99
ENG001707,CAMP0060,HCP0132,REP024,T012,2025-09-03,Field Event,Attended,True,True,True,21
ENG001708,CAMP0060,HCP0300,REP036,T012,2025-09-12,Field Event,Registered,False,False,False,16
ENG001709,CAMP0060,HCP0120,REP024,T012,2025-06-06,Digital Ad,Attended,True,True,True,85
ENG001710,CAMP0060,HCP0444,REP036,T012,2025-08-08,Email,Opened Content,True,False,True,36
